[{"model": "contenttypes.contenttype", "pk": 27, "fields": {"app_label": "admin", "model": "logentry"}}, {"model": "contenttypes.contenttype", "pk": 28, "fields": {"app_label": "auth", "model": "permission"}}, {"model": "contenttypes.contenttype", "pk": 29, "fields": {"app_label": "auth", "model": "group"}}, {"model": "contenttypes.contenttype", "pk": 30, "fields": {"app_label": "auth", "model": "user"}}, {"model": "contenttypes.contenttype", "pk": 31, "fields": {"app_label": "contenttypes", "model": "contenttype"}}, {"model": "contenttypes.contenttype", "pk": 32, "fields": {"app_label": "sessions", "model": "session"}}, {"model": "contenttypes.contenttype", "pk": 33, "fields": {"app_label": "django_social_app", "model": "machine"}}, {"model": "contenttypes.contenttype", "pk": 34, "fields": {"app_label": "django_social_app", "model": "energy_history"}}, {"model": "contenttypes.contenttype", "pk": 35, "fields": {"app_label": "django_social_app", "model": "staff"}}, {"model": "contenttypes.contenttype", "pk": 36, "fields": {"app_label": "django_social_app", "model": "maintain_history"}}, {"model": "contenttypes.contenttype", "pk": 37, "fields": {"app_label": "django_social_app", "model": "maintain_schedule"}}, {"model": "contenttypes.contenttype", "pk": 38, "fields": {"app_label": "default", "model": "usersocialauth"}}, {"model": "contenttypes.contenttype", "pk": 39, "fields": {"app_label": "default", "model": "nonce"}}, {"model": "contenttypes.contenttype", "pk": 40, "fields": {"app_label": "default", "model": "association"}}, {"model": "contenttypes.contenttype", "pk": 41, "fields": {"app_label": "default", "model": "code"}}, {"model": "contenttypes.contenttype", "pk": 42, "fields": {"app_label": "django_social_app", "model": "counter_history"}}, {"model": "sessions.session", "pk": "2j7tz1wla5t4jjvju235ty3e59ymbuzl", "fields": {"session_data": "MjExZTM4NDc3MDU4ZTUzZjRjODYwNzBjOGI1MGQ5Y2ZjY2VhNjU5Yjp7Imdvb2dsZS1vYXV0aDJfc3RhdGUiOiJUTGIxOTllY0tYckIxTjVGTlBQUUREWllIZ3h0TVpHVCIsIl9hdXRoX3VzZXJfaGFzaCI6IjA5MjI4OTg2ZmQ1MzU5OGU0ODFiNjllOGI0NzMyMDZiNjgzNzA1ZTYiLCJzb2NpYWxfYXV0aF9sYXN0X2xvZ2luX2JhY2tlbmQiOiJnb29nbGUtb2F1dGgyIiwiX2F1dGhfdXNlcl9pZCI6IjE2IiwiX2F1dGhfdXNlcl9iYWNrZW5kIjoic29jaWFsLmJhY2tlbmRzLmdvb2dsZS5Hb29nbGVPQXV0aDIiLCJuZXh0IjoiLyJ9", "expire_date": "2016-01-18T01:03:17.231Z"}}, {"model": "sessions.session", "pk": "42n7gu33w3au435rx6d5rpvjuoby8k5s", "fields": {"session_data": "YzhiYmMwODRhOGUwOTMxZjNjZTY0MjViNmNlZTJjOGJmMWM5YTI5Yjp7Imdvb2dsZS1vYXV0aDJfc3RhdGUiOiJ5aDVUM0hPaDBNOWIyT3BVUG4ydUZ4d2d1Z2J3c1ExMiIsIm5leHQiOiIvIiwiX2F1dGhfdXNlcl9iYWNrZW5kIjoic29jaWFsLmJhY2tlbmRzLmdvb2dsZS5Hb29nbGVPQXV0aDIiLCJfYXV0aF91c2VyX2hhc2giOiIwOTIyODk4NmZkNTM1OThlNDgxYjY5ZThiNDczMjA2YjY4MzcwNWU2IiwiX2F1dGhfdXNlcl9pZCI6IjE2Iiwic29jaWFsX2F1dGhfbGFzdF9sb2dpbl9iYWNrZW5kIjoiZ29vZ2xlLW9hdXRoMiJ9", "expire_date": "2016-01-08T07:31:58.421Z"}}, {"model": "sessions.session", "pk": "4vl83yv04cum2bdenduwrc3qhcjuartk", "fields": {"session_data": "OGQ3N2ZjODI3Mzk3NWI5MmZiY2U0ZDU4ZGU4ZjA2ZTE3ZGIxN2UzZDp7Il9hdXRoX3VzZXJfYmFja2VuZCI6ImRqYW5nby5jb250cmliLmF1dGguYmFja2VuZHMuTW9kZWxCYWNrZW5kIiwiX2F1dGhfdXNlcl9pZCI6IjE3IiwiX2F1dGhfdXNlcl9oYXNoIjoiZTZhZmFjZWYwZmVmNzRiZDlkMmU2NGUzNzc1OWNjMjliNDU0ZTIwZSJ9", "expire_date": "2016-01-20T08:05:22.202Z"}}, {"model": "sessions.session", "pk": "4zraszy91f65tsfvfsmugkekglcup0m1", "fields": {"session_data": "M2Y5MjAyMjE0YjY1YzViMTI2OThhNTE2Yzk0NDY1YzhkMjkzODlhYjp7Il9hdXRoX3VzZXJfaGFzaCI6IjA5MjI4OTg2ZmQ1MzU5OGU0ODFiNjllOGI0NzMyMDZiNjgzNzA1ZTYiLCJnb29nbGUtb2F1dGgyX3N0YXRlIjoiTDRaM3RiR01hdE5OcUFXZWpkWVhZUVJOTVlHbHpISDIiLCJzb2NpYWxfYXV0aF9sYXN0X2xvZ2luX2JhY2tlbmQiOiJnb29nbGUtb2F1dGgyIiwibmV4dCI6Ii8iLCJfYXV0aF91c2VyX2JhY2tlbmQiOiJzb2NpYWwuYmFja2VuZHMuZ29vZ2xlLkdvb2dsZU9BdXRoMiIsIl9hdXRoX3VzZXJfaWQiOiIxNiJ9", "expire_date": "2016-01-06T04:41:39.743Z"}}, {"model": "sessions.session", "pk": "7dpsyu9omsef1jz6sl75swvrsrs31b2v", "fields": {"session_data": "Y2NmZTE4Y2Y1NWU1MjJjMzY2OGQzZTI1OTlkN2QyYWIyODUxMjhlYjp7InRlc3Rjb29raWUiOiJ3b3JrZWQiLCJfYXV0aF91c2VyX2lkIjoiMTciLCJfYXV0aF91c2VyX2hhc2giOiJlNmFmYWNlZjBmZWY3NGJkOWQyZTY0ZTM3NzU5Y2MyOWI0NTRlMjBlIiwiX2F1dGhfdXNlcl9iYWNrZW5kIjoiZGphbmdvLmNvbnRyaWIuYXV0aC5iYWNrZW5kcy5Nb2RlbEJhY2tlbmQifQ==", "expire_date": "2016-01-20T11:13:36.348Z"}}, {"model": "sessions.session", "pk": "aaa0juvmfm1ldigmxk5odj0w5n0wd73n", "fields": {"session_data": "YzhiYmMwODRhOGUwOTMxZjNjZTY0MjViNmNlZTJjOGJmMWM5YTI5Yjp7Imdvb2dsZS1vYXV0aDJfc3RhdGUiOiJ5aDVUM0hPaDBNOWIyT3BVUG4ydUZ4d2d1Z2J3c1ExMiIsIm5leHQiOiIvIiwiX2F1dGhfdXNlcl9iYWNrZW5kIjoic29jaWFsLmJhY2tlbmRzLmdvb2dsZS5Hb29nbGVPQXV0aDIiLCJfYXV0aF91c2VyX2hhc2giOiIwOTIyODk4NmZkNTM1OThlNDgxYjY5ZThiNDczMjA2YjY4MzcwNWU2IiwiX2F1dGhfdXNlcl9pZCI6IjE2Iiwic29jaWFsX2F1dGhfbGFzdF9sb2dpbl9iYWNrZW5kIjoiZ29vZ2xlLW9hdXRoMiJ9", "expire_date": "2016-01-08T07:31:58.471Z"}}, {"model": "sessions.session", "pk": "bvm4260l70bktjl5ihc60dxb1ufudcli", "fields": {"session_data": "Nzk3OWNmNzhlNWIzNmFmOTg5ZDUxMDI0Mjg1OWM0ZjVlMTVkY2YyNjp7Il9hdXRoX3VzZXJfaWQiOiIxNiIsImdvb2dsZS1vYXV0aDJfc3RhdGUiOiJlZ1FiQm1Xb3lzRVhQWmNoMXE3RE53VkJTdEdYc0UySCIsIl9hdXRoX3VzZXJfaGFzaCI6IjA5MjI4OTg2ZmQ1MzU5OGU0ODFiNjllOGI0NzMyMDZiNjgzNzA1ZTYiLCJfYXV0aF91c2VyX2JhY2tlbmQiOiJzb2NpYWwuYmFja2VuZHMuZ29vZ2xlLkdvb2dsZU9BdXRoMiIsIm5leHQiOiIvIiwic29jaWFsX2F1dGhfbGFzdF9sb2dpbl9iYWNrZW5kIjoiZ29vZ2xlLW9hdXRoMiJ9", "expire_date": "2016-01-16T17:54:46.755Z"}}, {"model": "sessions.session", "pk": "in011s0bkl4cy0oygxfzaf1mhhujybtk", "fields": {"session_data": "NGVlOTQwMjgwNjM0YmI1MWIxMTk4NjVlYmMxMTg5ZDhkN2IxOWVjYzp7Il9hdXRoX3VzZXJfYmFja2VuZCI6ImRqYW5nby5jb250cmliLmF1dGguYmFja2VuZHMuTW9kZWxCYWNrZW5kIiwiX2F1dGhfdXNlcl9oYXNoIjoiZTZhZmFjZWYwZmVmNzRiZDlkMmU2NGUzNzc1OWNjMjliNDU0ZTIwZSIsIl9hdXRoX3VzZXJfaWQiOiIxNyJ9", "expire_date": "2016-01-19T04:35:53.004Z"}}, {"model": "sessions.session", "pk": "jhxowsl47adg6tjdz7xrh1ii6gpm0j30", "fields": {"session_data": "ZTA3ZTliZmFmMmI3YmEwNmFmNWZlNDllOGIyZGFiZjA4YjNiN2U3Yjp7Il9hdXRoX3VzZXJfaGFzaCI6ImU2YWZhY2VmMGZlZjc0YmQ5ZDJlNjRlMzc3NTljYzI5YjQ1NGUyMGUiLCJfYXV0aF91c2VyX2JhY2tlbmQiOiJkamFuZ28uY29udHJpYi5hdXRoLmJhY2tlbmRzLk1vZGVsQmFja2VuZCIsIl9hdXRoX3VzZXJfaWQiOiIxNyJ9", "expire_date": "2016-01-19T05:26:15.729Z"}}, {"model": "sessions.session", "pk": "mm0pww1gi9hrayk29eefizk0adpzi9zc", "fields": {"session_data": "ZTA3ZTliZmFmMmI3YmEwNmFmNWZlNDllOGIyZGFiZjA4YjNiN2U3Yjp7Il9hdXRoX3VzZXJfaGFzaCI6ImU2YWZhY2VmMGZlZjc0YmQ5ZDJlNjRlMzc3NTljYzI5YjQ1NGUyMGUiLCJfYXV0aF91c2VyX2JhY2tlbmQiOiJkamFuZ28uY29udHJpYi5hdXRoLmJhY2tlbmRzLk1vZGVsQmFja2VuZCIsIl9hdXRoX3VzZXJfaWQiOiIxNyJ9", "expire_date": "2016-01-19T05:02:35.493Z"}}, {"model": "sessions.session", "pk": "ntpbbb8n43a5mp4g5ejjcq2o1lsi6sc0", "fields": {"session_data": "ZjJmNDQ5YzQzMDExZTczMzQ1Y2VjNTA1ZmU3Njk3ZThiNDY0NDY3ODp7Il9hdXRoX3VzZXJfYmFja2VuZCI6ImRqYW5nby5jb250cmliLmF1dGguYmFja2VuZHMuTW9kZWxCYWNrZW5kIiwiX2F1dGhfdXNlcl9pZCI6IjE3IiwidGVzdGNvb2tpZSI6IndvcmtlZCIsIl9hdXRoX3VzZXJfaGFzaCI6ImU2YWZhY2VmMGZlZjc0YmQ5ZDJlNjRlMzc3NTljYzI5YjQ1NGUyMGUifQ==", "expire_date": "2016-01-20T12:07:20.271Z"}}, {"model": "sessions.session", "pk": "qhw7hau24vefxe5rq05dyxfwube45iv3", "fields": {"session_data": "NjhjYmMxODY2N2I0ZDIyZGQwNTljMWE0Mzk2MzQzZGJmMTY2YWU5YTp7Imdvb2dsZS1vYXV0aDJfc3RhdGUiOiJzdk44UjA1Z2lqSUpleVgzM1F1MkpRQmRjUGNBRXdCNyIsIl9hdXRoX3VzZXJfaWQiOiIxNiIsIm5leHQiOiIvIiwiX2F1dGhfdXNlcl9oYXNoIjoiMDkyMjg5ODZmZDUzNTk4ZTQ4MWI2OWU4YjQ3MzIwNmI2ODM3MDVlNiIsInNvY2lhbF9hdXRoX2xhc3RfbG9naW5fYmFja2VuZCI6Imdvb2dsZS1vYXV0aDIiLCJfYXV0aF91c2VyX2JhY2tlbmQiOiJzb2NpYWwuYmFja2VuZHMuZ29vZ2xlLkdvb2dsZU9BdXRoMiJ9", "expire_date": "2016-01-20T04:37:48.647Z"}}, {"model": "sessions.session", "pk": "qyeodboz0q6ij6vtrwsfqej9hwsjj7x4", "fields": {"session_data": "ZDUwMjBiN2I1MDQzYjQ0NzdiYTZmNDIxYzhhOWQzM2M0ZjBmNjJiYTp7Il9hdXRoX3VzZXJfaWQiOiIxNyIsIl9hdXRoX3VzZXJfaGFzaCI6ImU2YWZhY2VmMGZlZjc0YmQ5ZDJlNjRlMzc3NTljYzI5YjQ1NGUyMGUiLCJfYXV0aF91c2VyX2JhY2tlbmQiOiJkamFuZ28uY29udHJpYi5hdXRoLmJhY2tlbmRzLk1vZGVsQmFja2VuZCJ9", "expire_date": "2016-01-20T08:25:17.722Z"}}, {"model": "sessions.session", "pk": "rmo1teamvbuiy6ao3tfknm91ikclbjdn", "fields": {"session_data": "MTczYjliODM0ZmY3NmU3OTI3ZmRmNjZjMTg3MzU5MjFjY2M1ZDJiMzp7Im5leHQiOiIvIiwidHdpdHRlcnVuYXV0aG9yaXplZF90b2tlbl9uYW1lIjpbIm9hdXRoX3Rva2VuPVg2TmNTZ0FBQUFBQWpLekxBQUFCVWhBaFl4SSZvYXV0aF90b2tlbl9zZWNyZXQ9R1E2QXVrZlFIWXFrSEx3R2xFeldBNm14bHZ0aDFOUGgmb2F1dGhfY2FsbGJhY2tfY29uZmlybWVkPXRydWUiXSwidHdpdHRlcl9zdGF0ZSI6ImxOQmZObEZVNExYMUIwQTFYUjR1Y0tpRlpaRVF2UXRlIn0=", "expire_date": "2016-01-19T04:52:49.774Z"}}, {"model": "sessions.session", "pk": "tzyja39unb2hwq0v54wgn3y37xjn8ueu", "fields": {"session_data": "NzZkYWM3OGU1MjNjZDQzNWM4Y2JmMmU2ZjBhZDlkOTBiN2Y5ZDFhZDp7InR3aXR0ZXJ1bmF1dGhvcml6ZWRfdG9rZW5fbmFtZSI6W10sInNvY2lhbF9hdXRoX2xhc3RfbG9naW5fYmFja2VuZCI6InR3aXR0ZXIiLCJfYXV0aF91c2VyX2lkIjoiMjAiLCJ0d2l0dGVyX3N0YXRlIjoiV3JzTlY3WjlTZHdIQUdKWWdZUFNnMzhjdkxnUHRSMWciLCJfYXV0aF91c2VyX2hhc2giOiIzM2QwNjAxMDQ0ZWI4Y2MwMDA5ZmVkYjIxYzc4NjUxNWJhYWYxMmYwIiwiX2F1dGhfdXNlcl9iYWNrZW5kIjoic29jaWFsLmJhY2tlbmRzLnR3aXR0ZXIuVHdpdHRlck9BdXRoIiwibmV4dCI6Ii8ifQ==", "expire_date": "2016-01-19T05:30:56.138Z"}}, {"model": "sessions.session", "pk": "ufe6oxnyvjbkmnknqvpgojoye3fy2991", "fields": {"session_data": "OTU1YTAyNGJkZjU2YmI2MDcxNmM0YjlhOWY1YTEyZDQ1ZDQxNjkwZDp7Il9hdXRoX3VzZXJfaGFzaCI6ImRhNjI4MjU4NjFiYjM2ZDk5Mjk2ZDBiMjE0ZDZiZWI3MWM5MDNhMjIiLCJnb29nbGUtb2F1dGgyX3N0YXRlIjoiT2laOENVZEFUMGpOQ3pkUFUybmNrSkNqdXB4YWtNYjIiLCJuZXh0IjoiLyIsIl9hdXRoX3VzZXJfYmFja2VuZCI6InNvY2lhbC5iYWNrZW5kcy5nb29nbGUuR29vZ2xlT0F1dGgyIiwiX2F1dGhfdXNlcl9pZCI6IjE5Iiwic29jaWFsX2F1dGhfbGFzdF9sb2dpbl9iYWNrZW5kIjoiZ29vZ2xlLW9hdXRoMiJ9", "expire_date": "2016-01-17T07:59:47.846Z"}}, {"model": "sessions.session", "pk": "xsyvjydrh9195iised2288nd6jqd9oqp", "fields": {"session_data": "MTFhMDUwZTgzN2Y5Zjk3OWYwYWI1NmQzMjBiNjI5YTBkOGM5MjU5Yzp7InNvY2lhbF9hdXRoX2xhc3RfbG9naW5fYmFja2VuZCI6Imdvb2dsZS1vYXV0aDIiLCJnb29nbGUtb2F1dGgyX3N0YXRlIjoiekIwT1d6TVlrWlRtT2ptQm1zaFdJaFpTY1JSdkdPSFkiLCJfYXV0aF91c2VyX2hhc2giOiIwOTIyODk4NmZkNTM1OThlNDgxYjY5ZThiNDczMjA2YjY4MzcwNWU2IiwibmV4dCI6Ii8iLCJfYXV0aF91c2VyX2lkIjoiMTYiLCJfYXV0aF91c2VyX2JhY2tlbmQiOiJzb2NpYWwuYmFja2VuZHMuZ29vZ2xlLkdvb2dsZU9BdXRoMiJ9", "expire_date": "2016-01-16T18:17:31.036Z"}}, {"model": "sessions.session", "pk": "yjqspmts81w3s1t4jzhspdbwh5d0w5ld", "fields": {"session_data": "MDM2NDgxNjk3MWMxMjNlMzkyMDc0ODA2YmZiYzg2ZWE1ZWQxZGY5ODp7InNvY2lhbF9hdXRoX2xhc3RfbG9naW5fYmFja2VuZCI6Imdvb2dsZS1vYXV0aDIiLCJnb29nbGUtb2F1dGgyX3N0YXRlIjoidzM4QnNCWUNsUDNoNXBrUFpoRnlpU2hkVk1GUVQ5MWIiLCJfYXV0aF91c2VyX2JhY2tlbmQiOiJzb2NpYWwuYmFja2VuZHMuZ29vZ2xlLkdvb2dsZU9BdXRoMiIsIl9hdXRoX3VzZXJfaWQiOiIxNiIsIm5leHQiOiIvIiwiX2F1dGhfdXNlcl9oYXNoIjoiMDkyMjg5ODZmZDUzNTk4ZTQ4MWI2OWU4YjQ3MzIwNmI2ODM3MDVlNiJ9", "expire_date": "2016-01-19T04:19:58.792Z"}}, {"model": "django_social_app.machine", "pk": 1, "fields": {"machine_name": "K4", "created_date": "2015-10-21T08:59:26Z", "energy_today": 0}}, {"model": "django_social_app.machine", "pk": 2, "fields": {"machine_name": "K5", "created_date": "2015-11-11T09:00:21Z", "energy_today": 0}}, {"model": "django_social_app.machine", "pk": 3, "fields": {"machine_name": "A3", "created_date": "2015-12-21T09:07:11Z", "energy_today": 0}}, {"model": "django_social_app.machine", "pk": 4, "fields": {"machine_name": "T1", "created_date": "2015-12-22T06:33:59Z", "energy_today": 0}}, {"model": "django_social_app.machine", "pk": 5, "fields": {"machine_name": "T2", "created_date": "2015-12-22T06:36:13Z", "energy_today": 0}}, {"model": "django_social_app.machine", "pk": 8, "fields": {"machine_name": "K1", "created_date": "2015-12-23T02:19:40Z", "energy_today": 0}}, {"model": "django_social_app.machine", "pk": 9, "fields": {"machine_name": "Vu", "created_date": "2015-12-23T09:04:49Z", "energy_today": 0}}, {"model": "django_social_app.machine", "pk": 10, "fields": {"machine_name": "X1", "created_date": "2015-12-25T09:46:19Z", "energy_today": 0}}, {"model": "django_social_app.machine", "pk": 11, "fields": {"machine_name": "X2", "created_date": "2015-12-25T09:46:35Z", "energy_today": 0}}, {"model": "django_social_app.machine", "pk": 12, "fields": {"machine_name": "VC", "created_date": "2015-12-25T13:58:35Z", "energy_today": 0}}, {"model": "django_social_app.machine", "pk": 13, "fields": {"machine_name": "BB", "created_date": "2015-12-25T13:59:33Z", "energy_today": 0}}, {"model": "django_social_app.machine", "pk": 14, "fields": {"machine_name": "KK4", "created_date": "2015-12-25T15:58:24Z", "energy_today": 0}}, {"model": "django_social_app.machine", "pk": 15, "fields": {"machine_name": "DD", "created_date": "2015-12-26T09:44:38Z", "energy_today": 0}}, {"model": "django_social_app.machine", "pk": 16, "fields": {"machine_name": "VI", "created_date": "2015-12-28T14:32:19Z", "energy_today": 0}}, {"model": "django_social_app.machine", "pk": 17, "fields": {"machine_name": "TO", "created_date": "2016-01-05T05:29:08Z", "energy_today": 0}}, {"model": "django_social_app.energy_history", "pk": 9, "fields": {"machine": 3, "energy": 12, "save_time": "2015-12-01T05:09:31Z"}}, {"model": "django_social_app.energy_history", "pk": 10, "fields": {"machine": 3, "energy": 32, "save_time": "2015-12-02T05:09:46Z"}}, {"model": "django_social_app.energy_history", "pk": 11, "fields": {"machine": 3, "energy": 43, "save_time": "2015-12-03T05:09:57Z"}}, {"model": "django_social_app.energy_history", "pk": 12, "fields": {"machine": 3, "energy": 14, "save_time": "2015-12-04T05:10:11Z"}}, {"model": "django_social_app.energy_history", "pk": 13, "fields": {"machine": 3, "energy": 34, "save_time": "2015-12-05T05:10:28Z"}}, {"model": "django_social_app.energy_history", "pk": 14, "fields": {"machine": 3, "energy": 65, "save_time": "2015-12-06T05:10:40Z"}}, {"model": "django_social_app.energy_history", "pk": 15, "fields": {"machine": 3, "energy": 78, "save_time": "2015-12-07T05:11:05Z"}}, {"model": "django_social_app.energy_history", "pk": 16, "fields": {"machine": 3, "energy": 33, "save_time": "2015-12-08T06:50:16Z"}}, {"model": "django_social_app.energy_history", "pk": 17, "fields": {"machine": 3, "energy": 89, "save_time": "2015-12-09T06:50:56Z"}}, {"model": "django_social_app.energy_history", "pk": 18, "fields": {"machine": 3, "energy": 200, "save_time": "2015-12-10T06:51:11Z"}}, {"model": "django_social_app.energy_history", "pk": 19, "fields": {"machine": 3, "energy": 11, "save_time": "2015-12-12T07:01:44Z"}}, {"model": "django_social_app.energy_history", "pk": 20, "fields": {"machine": 3, "energy": 44, "save_time": "2015-12-15T07:01:58Z"}}, {"model": "django_social_app.energy_history", "pk": 21, "fields": {"machine": 3, "energy": 3, "save_time": "2015-12-16T07:02:12Z"}}, {"model": "django_social_app.energy_history", "pk": 22, "fields": {"machine": 3, "energy": 25, "save_time": "2015-12-17T07:24:41Z"}}, {"model": "django_social_app.energy_history", "pk": 23, "fields": {"machine": 3, "energy": 34, "save_time": "2015-12-18T07:25:08Z"}}, {"model": "django_social_app.energy_history", "pk": 24, "fields": {"machine": 3, "energy": 100, "save_time": "2015-12-19T07:25:35Z"}}, {"model": "django_social_app.energy_history", "pk": 25, "fields": {"machine": 3, "energy": 400, "save_time": "2015-12-20T09:04:01Z"}}, {"model": "django_social_app.energy_history", "pk": 26, "fields": {"machine": 3, "energy": 300, "save_time": "2015-12-21T09:04:12Z"}}, {"model": "django_social_app.energy_history", "pk": 27, "fields": {"machine": 3, "energy": 500, "save_time": "2015-12-22T15:54:11Z"}}, {"model": "django_social_app.energy_history", "pk": 28, "fields": {"machine": 3, "energy": -23, "save_time": "2015-12-23T15:55:04Z"}}, {"model": "django_social_app.counter_history", "pk": 2, "fields": {"machine": 3, "counter": 12, "energy": 200, "save_time": "2015-12-01T02:18:23Z"}}, {"model": "django_social_app.counter_history", "pk": 3, "fields": {"machine": 3, "counter": 34, "energy": 345, "save_time": "2015-12-02T02:18:50Z"}}, {"model": "django_social_app.counter_history", "pk": 4, "fields": {"machine": 3, "counter": 43, "energy": 300, "save_time": "2015-12-03T02:19:04Z"}}, {"model": "django_social_app.counter_history", "pk": 5, "fields": {"machine": 3, "counter": 34, "energy": 100, "save_time": "2015-12-04T02:19:26Z"}}, {"model": "django_social_app.counter_history", "pk": 6, "fields": {"machine": 3, "counter": 89, "energy": 400, "save_time": "2015-12-05T02:19:45Z"}}, {"model": "django_social_app.counter_history", "pk": 7, "fields": {"machine": 3, "counter": 0, "energy": 0, "save_time": "2015-12-06T02:19:59Z"}}, {"model": "django_social_app.counter_history", "pk": 8, "fields": {"machine": 3, "counter": 33, "energy": 78, "save_time": "2015-12-07T02:20:16Z"}}, {"model": "django_social_app.counter_history", "pk": 9, "fields": {"machine": 3, "counter": 100, "energy": 200, "save_time": "2015-12-08T02:20:37Z"}}, {"model": "django_social_app.counter_history", "pk": 10, "fields": {"machine": 3, "counter": 44, "energy": 34, "save_time": "2015-12-09T02:21:00Z"}}, {"model": "django_social_app.counter_history", "pk": 11, "fields": {"machine": 3, "counter": 100, "energy": 600, "save_time": "2015-12-10T02:21:26Z"}}, {"model": "django_social_app.counter_history", "pk": 12, "fields": {"machine": 3, "counter": 0, "energy": 400, "save_time": "2015-12-11T02:21:46Z"}}, {"model": "django_social_app.counter_history", "pk": 13, "fields": {"machine": 3, "counter": 45, "energy": 100, "save_time": "2015-12-12T02:22:07Z"}}, {"model": "django_social_app.counter_history", "pk": 14, "fields": {"machine": 3, "counter": 32, "energy": 600, "save_time": "2015-12-13T02:22:22Z"}}, {"model": "django_social_app.counter_history", "pk": 15, "fields": {"machine": 3, "counter": 34, "energy": 400, "save_time": "2015-12-14T02:23:03Z"}}, {"model": "django_social_app.counter_history", "pk": 16, "fields": {"machine": 3, "counter": 45, "energy": 244, "save_time": "2015-12-15T02:23:22Z"}}, {"model": "django_social_app.counter_history", "pk": 17, "fields": {"machine": 3, "counter": 0, "energy": 0, "save_time": "2015-12-16T03:17:14Z"}}, {"model": "django_social_app.counter_history", "pk": 18, "fields": {"machine": 3, "counter": 34, "energy": 34, "save_time": "2015-12-17T03:17:29Z"}}, {"model": "django_social_app.counter_history", "pk": 19, "fields": {"machine": 3, "counter": 400, "energy": 1000, "save_time": "2015-12-18T03:17:44Z"}}, {"model": "django_social_app.counter_history", "pk": 20, "fields": {"machine": 3, "counter": 200, "energy": 1000, "save_time": "2015-12-19T03:18:43Z"}}, {"model": "django_social_app.counter_history", "pk": 21, "fields": {"machine": 3, "counter": 20, "energy": 200, "save_time": "2015-12-20T03:18:57Z"}}, {"model": "django_social_app.counter_history", "pk": 22, "fields": {"machine": 3, "counter": 200, "energy": 200, "save_time": "2015-12-21T03:19:11Z"}}, {"model": "django_social_app.counter_history", "pk": 23, "fields": {"machine": 3, "counter": 0, "energy": 0, "save_time": "2015-12-22T03:20:06Z"}}, {"model": "django_social_app.counter_history", "pk": 24, "fields": {"machine": 3, "counter": 34, "energy": 2, "save_time": "2015-12-23T03:20:19Z"}}, {"model": "django_social_app.counter_history", "pk": 25, "fields": {"machine": 3, "counter": 56, "energy": 124, "save_time": "2015-12-24T03:27:27Z"}}, {"model": "django_social_app.counter_history", "pk": 26, "fields": {"machine": 3, "counter": 0, "energy": 0, "save_time": "2015-12-25T03:27:56Z"}}, {"model": "django_social_app.counter_history", "pk": 27, "fields": {"machine": 3, "counter": 2, "energy": 12, "save_time": "2015-12-26T03:28:10Z"}}, {"model": "django_social_app.counter_history", "pk": 28, "fields": {"machine": 3, "counter": 45, "energy": 90, "save_time": "2015-12-27T03:28:30Z"}}, {"model": "django_social_app.counter_history", "pk": 29, "fields": {"machine": 3, "counter": 5, "energy": 100, "save_time": "2015-12-28T03:28:40Z"}}, {"model": "django_social_app.counter_history", "pk": 30, "fields": {"machine": 3, "counter": 500, "energy": 100, "save_time": "2015-12-29T03:29:28Z"}}, {"model": "django_social_app.counter_history", "pk": 31, "fields": {"machine": 3, "counter": 34, "energy": 100, "save_time": "2015-12-30T03:29:40Z"}}, {"model": "django_social_app.counter_history", "pk": 32, "fields": {"machine": 3, "counter": 34, "energy": 100, "save_time": "2015-12-31T03:29:52Z"}}, {"model": "django_social_app.counter_history", "pk": 33, "fields": {"machine": 3, "counter": 0, "energy": 12, "save_time": "2016-01-01T03:30:23Z"}}, {"model": "django_social_app.counter_history", "pk": 34, "fields": {"machine": 3, "counter": 40, "energy": 50, "save_time": "2016-01-03T03:30:49Z"}}, {"model": "django_social_app.counter_history", "pk": 35, "fields": {"machine": 3, "counter": 1500, "energy": 1000, "save_time": "2016-01-04T05:26:58Z"}}, {"model": "django_social_app.staff", "pk": 1, "fields": {"username": "admin", "manager": true, "email": "vtoanb@gmail.com", "phone": "0975551068"}}, {"model": "django_social_app.maintain_history", "pk": 1, "fields": {"machine": 1, "maintain_type": 200, "maintainer": "", "approver": "Toan Vu", "maintain_approve_time": "2015-12-29T09:38:37.908Z", "maintain_raise_time": "2015-12-29T09:38:37.923Z", "maintain_time": "2015-12-22T08:59:46Z", "comment": "tui chan comment rui nha", "maintain_approve": true}}, {"model": "django_social_app.maintain_history", "pk": 2, "fields": {"machine": 3, "maintain_type": 1000, "maintainer": "", "approver": "Toan Vu", "maintain_approve_time": "2015-12-29T09:45:27.255Z", "maintain_raise_time": "2015-12-29T09:45:27.272Z", "maintain_time": "2015-12-23T09:08:41Z", "comment": "hehe hihi", "maintain_approve": true}}, {"model": "django_social_app.maintain_history", "pk": 3, "fields": {"machine": 11, "maintain_type": 1, "maintainer": "Toan Vu", "approver": "Toan Vu", "maintain_approve_time": "2015-12-29T09:45:27.255Z", "maintain_raise_time": "2015-12-29T09:45:27.272Z", "maintain_time": "2015-12-25T10:46:53.115Z", "comment": "bit vi sao ko co username rui", "maintain_approve": true}}, {"model": "django_social_app.maintain_history", "pk": 4, "fields": {"machine": 4, "maintain_type": 100, "maintainer": "Toan Vu", "approver": "Toan Vu", "maintain_approve_time": "2015-12-29T09:45:27.255Z", "maintain_raise_time": "2015-12-29T09:45:27.272Z", "maintain_time": "2015-12-22T06:34:02Z", "comment": "thu coi nao", "maintain_approve": true}}, {"model": "django_social_app.maintain_history", "pk": 5, "fields": {"machine": 5, "maintain_type": 5000, "maintainer": "Toan Vu", "approver": "Toan Vu", "maintain_approve_time": "2015-12-29T09:45:27.255Z", "maintain_raise_time": "2015-12-29T09:45:27.272Z", "maintain_time": "2015-12-22T06:36:14Z", "comment": "gio nay la 17:04", "maintain_approve": true}}, {"model": "django_social_app.maintain_history", "pk": 6, "fields": {"machine": 8, "maintain_type": 301, "maintainer": "Toan Vu", "approver": "Toan Vu", "maintain_approve_time": "2015-12-29T10:06:00.771Z", "maintain_raise_time": "2015-12-29T10:06:16.495Z", "maintain_time": "2015-12-23T02:19:42Z", "comment": "gio nay la 17:06", "maintain_approve": true}}, {"model": "django_social_app.maintain_history", "pk": 7, "fields": {"machine": 10, "maintain_type": 3, "maintainer": "Toan Vu", "approver": "Toan Vu", "maintain_approve_time": "2015-12-29T10:06:00.771Z", "maintain_raise_time": "2015-12-29T10:08:22.447Z", "maintain_time": "2015-12-25T12:46:29.464Z", "comment": "check time 17:08", "maintain_approve": true}}, {"model": "django_social_app.maintain_history", "pk": 8, "fields": {"machine": 10, "maintain_type": 3, "maintainer": "Toan Vu", "approver": "Toan Vu", "maintain_approve_time": "2015-12-29T17:05:39.030Z", "maintain_raise_time": "2015-12-29T17:06:20.079Z", "maintain_time": "2015-12-29T20:05:52.793Z", "comment": "thu lai coi nao kaka", "maintain_approve": true}}, {"model": "django_social_app.maintain_history", "pk": 9, "fields": {"machine": 11, "maintain_type": 100, "maintainer": "Toan Vu", "approver": "Toan Vu", "maintain_approve_time": "2015-12-29T17:05:39.030Z", "maintain_raise_time": "2015-12-29T17:06:47.890Z", "maintain_time": "2015-12-29T13:46:53.118Z", "comment": "thu lai coi nao kaka", "maintain_approve": true}}, {"model": "django_social_app.maintain_history", "pk": 10, "fields": {"machine": 1, "maintain_type": 2000, "maintainer": "Toan Vu", "approver": "Toan Vu", "maintain_approve_time": "2015-12-29T17:05:39.030Z", "maintain_raise_time": "2015-12-29T17:08:13.539Z", "maintain_time": "2015-12-21T08:59:35Z", "comment": "kill k4", "maintain_approve": true}}, {"model": "django_social_app.maintain_history", "pk": 11, "fields": {"machine": 1, "maintain_type": 200, "maintainer": "Toan Vu", "approver": "Toan Vu", "maintain_approve_time": "2015-12-29T17:11:28.135Z", "maintain_raise_time": "2015-12-29T17:11:40.297Z", "maintain_time": "2015-12-22T08:59:46Z", "comment": "thu lai nao", "maintain_approve": true}}, {"model": "django_social_app.maintain_history", "pk": 12, "fields": {"machine": 2, "maintain_type": 4000, "maintainer": "Toan Vu", "approver": "Vu Toan", "maintain_approve_time": "2015-12-29T17:38:46.854Z", "maintain_raise_time": "2015-12-29T17:39:45.939Z", "maintain_time": "2015-12-21T09:00:29Z", "comment": "try approver deny", "maintain_approve": true}}, {"model": "django_social_app.maintain_history", "pk": 13, "fields": {"machine": 5, "maintain_type": 5000, "maintainer": "Vu Toan", "approver": "Vu Toan", "maintain_approve_time": "2015-12-29T17:46:03.766Z", "maintain_raise_time": "2015-12-29T17:47:14.218Z", "maintain_time": "2015-12-22T06:36:14Z", "comment": "gr", "maintain_approve": true}}, {"model": "django_social_app.maintain_history", "pk": 14, "fields": {"machine": 3, "maintain_type": 301, "maintainer": "Toan Vu", "approver": "Vu Toan", "maintain_approve_time": "2015-12-29T17:46:03.766Z", "maintain_raise_time": "2015-12-30T17:52:32.229Z", "maintain_time": "2015-12-24T09:07:16Z", "comment": "", "maintain_approve": true}}, {"model": "django_social_app.maintain_history", "pk": 15, "fields": {"machine": 1, "maintain_type": 600, "maintainer": "Toan Vu", "approver": "Vu Toan", "maintain_approve_time": "2015-12-29T17:46:03.766Z", "maintain_raise_time": "2015-12-31T07:05:31.215Z", "maintain_time": "2015-12-31T09:00:03Z", "comment": "refresh", "maintain_approve": true}}, {"model": "django_social_app.maintain_history", "pk": 16, "fields": {"machine": 8, "maintain_type": 301, "maintainer": "Toan Vu", "approver": "Vu Toan", "maintain_approve_time": "2016-01-01T18:22:22.625Z", "maintain_raise_time": "2016-01-01T18:24:18.958Z", "maintain_time": "2015-12-23T02:19:42Z", "comment": "long comment test by toan vu", "maintain_approve": true}}, {"model": "django_social_app.maintain_history", "pk": 17, "fields": {"machine": 8, "maintain_type": 200, "maintainer": "Toan Vu", "approver": "Vu Toan", "maintain_approve_time": "2016-01-01T18:22:22.625Z", "maintain_raise_time": "2016-01-01T18:24:42.677Z", "maintain_time": "2015-12-30T17:00:00Z", "comment": "long comment test by toan vu long comment test by toan vu", "maintain_approve": true}}, {"model": "django_social_app.maintain_history", "pk": 18, "fields": {"machine": 5, "maintain_type": 1000, "maintainer": "Toan Vu", "approver": "Vu Toan", "maintain_approve_time": "2016-01-01T18:22:22.625Z", "maintain_raise_time": "2016-01-02T08:06:34.216Z", "maintain_time": "2015-12-22T09:26:57Z", "comment": "tet", "maintain_approve": true}}, {"model": "django_social_app.maintain_history", "pk": 19, "fields": {"machine": 3, "maintain_type": 1000, "maintainer": "Vu Toan", "approver": "Vu Toan", "maintain_approve_time": "2016-01-01T18:22:22.625Z", "maintain_raise_time": "2016-01-02T08:53:27.099Z", "maintain_time": "2015-12-23T09:08:41Z", "comment": "bb", "maintain_approve": true}}, {"model": "django_social_app.maintain_history", "pk": 20, "fields": {"machine": 2, "maintain_type": 400, "maintainer": "Vu Toan", "approver": "Vu Toan", "maintain_approve_time": "2016-01-01T18:22:22.625Z", "maintain_raise_time": "2016-01-02T08:54:10.831Z", "maintain_time": "2015-12-21T09:00:31Z", "comment": "test", "maintain_approve": true}}, {"model": "django_social_app.maintain_history", "pk": 21, "fields": {"machine": 9, "maintain_type": 100, "maintainer": "Vu Toan", "approver": "Vu Toan", "maintain_approve_time": "2016-01-01T18:22:22.625Z", "maintain_raise_time": "2016-01-02T08:56:17.347Z", "maintain_time": "2015-12-27T13:04:57.652Z", "comment": "asdfhgjhkj", "maintain_approve": true}}, {"model": "django_social_app.maintain_history", "pk": 22, "fields": {"machine": 9, "maintain_type": 10, "maintainer": "Vu Toan", "approver": "Vu Toan", "maintain_approve_time": "2016-01-01T18:22:22.625Z", "maintain_raise_time": "2016-01-02T08:56:22.378Z", "maintain_time": "2015-12-23T19:04:57.655Z", "comment": "asdfhgjhkj", "maintain_approve": true}}, {"model": "django_social_app.maintain_history", "pk": 23, "fields": {"machine": 10, "maintain_type": 3, "maintainer": "Vu Toan", "approver": "Vu Toan", "maintain_approve_time": "2016-01-01T18:22:22.625Z", "maintain_raise_time": "2016-01-02T08:56:26.582Z", "maintain_time": "2015-12-29T20:06:30.155Z", "comment": "asdfhgjhkj", "maintain_approve": true}}, {"model": "django_social_app.maintain_history", "pk": 24, "fields": {"machine": 4, "maintain_type": 100, "maintainer": "Vu Toan", "approver": "Vu Toan", "maintain_approve_time": "2016-01-01T18:22:22.625Z", "maintain_raise_time": "2016-01-02T08:57:07.741Z", "maintain_time": "2015-12-22T06:34:02Z", "comment": "haha", "maintain_approve": true}}, {"model": "django_social_app.maintain_history", "pk": 25, "fields": {"machine": 2, "maintain_type": 800, "maintainer": "Toan Vu", "approver": "Vu Toan", "maintain_approve_time": "2016-01-01T18:22:22.625Z", "maintain_raise_time": "2016-01-02T08:57:49.110Z", "maintain_time": "2015-12-21T09:00:32Z", "comment": "g`1234567890", "maintain_approve": true}}, {"model": "django_social_app.maintain_history", "pk": 26, "fields": {"machine": 16, "maintain_type": 100, "maintainer": "Vu Toan", "approver": "Vu Toan", "maintain_approve_time": "2016-01-02T09:25:24.932Z", "maintain_raise_time": "2016-01-02T09:26:22.033Z", "maintain_time": "2016-01-01T18:32:30.006Z", "comment": "hihi", "maintain_approve": true}}, {"model": "django_social_app.maintain_history", "pk": 32, "fields": {"machine": 10, "maintain_type": 30, "maintainer": "Vu Toan", "approver": "Vu Toan", "maintain_approve_time": "2016-01-02T10:04:30.874Z", "maintain_raise_time": "2016-01-02T10:59:35.273Z", "maintain_time": "2015-12-26T15:46:29.467Z", "comment": "hihi", "maintain_approve": true}}, {"model": "django_social_app.maintain_history", "pk": 33, "fields": {"machine": 9, "maintain_type": 10, "maintainer": "Vu Toan", "approver": "Vu Toan", "maintain_approve_time": "2016-01-02T10:04:30.874Z", "maintain_raise_time": "2016-01-02T11:08:19.317Z", "maintain_time": "2016-01-02T18:56:49.434Z", "comment": "Vu giam dung roi haha", "maintain_approve": true}}, {"model": "django_social_app.maintain_history", "pk": 34, "fields": {"machine": 11, "maintain_type": 1, "maintainer": "Vu Toan", "approver": "Vu Toan", "maintain_approve_time": "2016-01-02T10:04:30.874Z", "maintain_raise_time": "2016-01-02T11:08:58.333Z", "maintain_time": "2015-12-25T10:46:53.115Z", "comment": "One more thing :)", "maintain_approve": true}}, {"model": "django_social_app.maintain_history", "pk": 35, "fields": {"machine": 11, "maintain_type": 100, "maintainer": "Vu Toan", "approver": "Vu Toan", "maintain_approve_time": "2016-01-02T10:04:30.874Z", "maintain_raise_time": "2016-01-02T11:12:48.506Z", "maintain_time": "2016-01-02T21:06:57.961Z", "comment": "1812", "maintain_approve": true}}, {"model": "django_social_app.maintain_history", "pk": 36, "fields": {"machine": 13, "maintain_type": 80, "maintainer": "Vu Toan", "approver": "Vu Toan", "maintain_approve_time": "2016-01-02T11:15:55.358Z", "maintain_raise_time": "2016-01-02T11:15:50.785Z", "maintain_time": "2015-12-28T21:59:48.336Z", "comment": "1815 ok?", "maintain_approve": true}}, {"model": "django_social_app.maintain_history", "pk": 37, "fields": {"machine": 10, "maintain_type": 3, "maintainer": "Vu Toan", "approver": "Vu Toan", "maintain_approve_time": "2016-01-02T12:12:17.475Z", "maintain_raise_time": "2016-01-02T11:38:22.222Z", "maintain_time": "2016-01-02T11:56:50.918Z", "comment": "0h r em oi", "maintain_approve": true}}, {"model": "django_social_app.maintain_history", "pk": 38, "fields": {"machine": 11, "maintain_type": 1, "maintainer": "Vu Toan", "approver": "Vu Toan", "maintain_approve_time": "2016-01-02T16:36:02.911Z", "maintain_raise_time": "2016-01-02T12:13:58.566Z", "maintain_time": "2016-01-02T12:10:55.888Z", "comment": "bibi", "maintain_approve": true}}, {"model": "django_social_app.maintain_history", "pk": 39, "fields": {"machine": 9, "maintain_type": 10, "maintainer": "Vu Toan", "approver": "Vu Toan", "maintain_approve_time": "2016-01-02T16:00:57.852Z", "maintain_raise_time": "2016-01-02T12:59:31.945Z", "maintain_time": "2016-01-02T21:10:55.111Z", "comment": "", "maintain_approve": true}}, {"model": "django_social_app.maintain_history", "pk": 40, "fields": {"machine": 9, "maintain_type": 10, "maintainer": "Vu Toan", "approver": "Vu Toan", "maintain_approve_time": "2016-01-02T16:33:17.878Z", "maintain_raise_time": "2016-01-02T16:13:17.355Z", "maintain_time": "2016-01-03T02:00:57.855Z", "comment": "abc", "maintain_approve": true}}, {"model": "django_social_app.maintain_history", "pk": 41, "fields": {"machine": 10, "maintain_type": 3, "maintainer": "Vu Toan", "approver": "Vu Toan", "maintain_approve_time": "2016-01-02T16:41:11.416Z", "maintain_raise_time": "2016-01-02T16:36:47.140Z", "maintain_time": "2016-01-02T15:12:17.478Z", "comment": "xyz", "maintain_approve": true}}, {"model": "django_social_app.maintain_history", "pk": 42, "fields": {"machine": 10, "maintain_type": 3, "maintainer": "Vu Toan", "approver": "Vu Toan", "maintain_approve_time": "2016-01-02T16:44:30.032Z", "maintain_raise_time": "2016-01-02T16:44:19.962Z", "maintain_time": "2016-01-02T19:41:11.418Z", "comment": "jok no", "maintain_approve": true}}, {"model": "django_social_app.maintain_history", "pk": 43, "fields": {"machine": 9, "maintain_type": 10, "maintainer": "Vu Toan", "approver": "Vu Toan", "maintain_approve_time": "2016-01-02T16:45:33.667Z", "maintain_raise_time": "2016-01-02T16:45:26.193Z", "maintain_time": "2016-01-03T02:33:17.880Z", "comment": "jok no", "maintain_approve": true}}, {"model": "django_social_app.maintain_history", "pk": 44, "fields": {"machine": 11, "maintain_type": 1, "maintainer": "Vu Toan", "approver": "Vu Toan", "maintain_approve_time": "2016-01-02T17:10:55.294Z", "maintain_raise_time": "2016-01-02T16:47:11.773Z", "maintain_time": "2016-01-02T17:36:02.913Z", "comment": "", "maintain_approve": true}}, {"model": "django_social_app.maintain_history", "pk": 45, "fields": {"machine": 12, "maintain_type": 200, "maintainer": "Vu Toan", "approver": "Vu Toan", "maintain_approve_time": "2016-01-02T17:05:53.852Z", "maintain_raise_time": "2016-01-02T17:01:45.807Z", "maintain_time": "2016-01-02T21:58:49.533Z", "comment": "4h remain, font are better now ha", "maintain_approve": true}}, {"model": "django_social_app.maintain_history", "pk": 46, "fields": {"machine": 10, "maintain_type": 3, "maintainer": "Vu Toan", "approver": "Vu Toan", "maintain_approve_time": "2016-01-02T17:10:48.961Z", "maintain_raise_time": "2016-01-02T17:04:52.441Z", "maintain_time": "2016-01-02T19:44:30.035Z", "comment": "some thing not right", "maintain_approve": true}}, {"model": "django_social_app.maintain_history", "pk": 47, "fields": {"machine": 9, "maintain_type": 10, "maintainer": "Vu Toan", "approver": "Vu Toan", "maintain_approve_time": "2016-01-02T17:12:16.295Z", "maintain_raise_time": "2016-01-02T17:12:03.541Z", "maintain_time": "2016-01-03T02:45:33.670Z", "comment": "some thing not right", "maintain_approve": true}}, {"model": "django_social_app.maintain_history", "pk": 48, "fields": {"machine": 9, "maintain_type": 10, "maintainer": "Vu Toan", "approver": "Vu Toan", "maintain_approve_time": "2016-01-02T17:14:47.869Z", "maintain_raise_time": "2016-01-02T17:14:26.119Z", "maintain_time": "2016-01-03T03:12:16.297Z", "comment": "vu again haha", "maintain_approve": true}}, {"model": "django_social_app.maintain_history", "pk": 49, "fields": {"machine": 10, "maintain_type": 3, "maintainer": "Vu Toan", "approver": "Vu Toan", "maintain_approve_time": "2016-01-02T17:19:08.337Z", "maintain_raise_time": "2016-01-02T17:16:09.340Z", "maintain_time": "2016-01-02T20:10:48.963Z", "comment": "vu again haha", "maintain_approve": true}}, {"model": "django_social_app.maintain_history", "pk": 51, "fields": {"machine": 9, "maintain_type": 10, "maintainer": "Vu Toan", "approver": "Vu Toan", "maintain_approve_time": "2016-01-02T17:38:44.961Z", "maintain_raise_time": "2016-01-02T17:20:12.569Z", "maintain_time": "2016-01-03T03:14:47.872Z", "comment": "meo meo meo meo meo meo meo meo", "maintain_approve": true}}, {"model": "django_social_app.maintain_history", "pk": 52, "fields": {"machine": 9, "maintain_type": 10, "maintainer": "Toan Vu", "approver": "Vu Toan", "maintain_approve_time": "2016-01-02T17:47:02.030Z", "maintain_raise_time": "2016-01-02T17:39:03.302Z", "maintain_time": "2016-01-03T03:38:44.964Z", "comment": "", "maintain_approve": true}}, {"model": "django_social_app.maintain_history", "pk": 57, "fields": {"machine": 11, "maintain_type": 1, "maintainer": "Vu Toan", "approver": "", "maintain_approve_time": "2016-01-03T04:53:57.770Z", "maintain_raise_time": "2016-01-03T04:54:23.312Z", "maintain_time": "2016-01-02T18:10:55.298Z", "comment": "xyaz", "maintain_approve": false}}, {"model": "django_social_app.maintain_history", "pk": 58, "fields": {"machine": 9, "maintain_type": 10, "maintainer": "Vu Toan", "approver": "Vu Toan", "maintain_approve_time": "2016-01-03T04:55:14.848Z", "maintain_raise_time": "2016-01-03T04:55:00.885Z", "maintain_time": "2016-01-03T03:47:02.033Z", "comment": "", "maintain_approve": true}}, {"model": "django_social_app.maintain_history", "pk": 60, "fields": {"machine": 9, "maintain_type": 10, "maintainer": "Vu Toan", "approver": "", "maintain_approve_time": "2016-01-03T04:54:49.201Z", "maintain_raise_time": "2016-01-03T05:03:05.159Z", "maintain_time": "2016-01-03T14:55:14.850Z", "comment": "", "maintain_approve": false}}, {"model": "django_social_app.maintain_history", "pk": 64, "fields": {"machine": 14, "maintain_type": 250, "maintainer": "Vu Toan", "approver": "", "maintain_approve_time": "2016-01-05T04:30:24.175Z", "maintain_raise_time": "2016-01-05T04:39:54.878Z", "maintain_time": "2016-01-05T01:58:36.629Z", "comment": "From lg g2", "maintain_approve": false}}, {"model": "django_social_app.maintain_history", "pk": 66, "fields": {"machine": 10, "maintain_type": 30, "maintainer": "Vu Toan", "approver": "", "maintain_approve_time": "2016-01-06T08:31:07.232Z", "maintain_raise_time": "2016-01-05T05:24:08.472Z", "maintain_time": "2016-01-03T17:01:56.913Z", "comment": "bao tri boi Toi", "maintain_approve": true}}, {"model": "django_social_app.maintain_history", "pk": 68, "fields": {"machine": 15, "maintain_type": 200, "maintainer": "", "approver": "", "maintain_approve_time": "2016-01-05T09:04:14.434Z", "maintain_raise_time": "2016-01-05T09:02:20.653Z", "maintain_time": "2016-01-03T17:44:48.123Z", "comment": "", "maintain_approve": true}}, {"model": "django_social_app.maintain_history", "pk": 69, "fields": {"machine": 10, "maintain_type": 3, "maintainer": "", "approver": "", "maintain_approve_time": "2016-01-05T09:04:09.082Z", "maintain_raise_time": "2016-01-05T09:02:36.671Z", "maintain_time": "2016-01-02T20:19:08.339Z", "comment": "", "maintain_approve": true}}, {"model": "django_social_app.maintain_history", "pk": 72, "fields": {"machine": 11, "maintain_type": 100, "maintainer": "", "approver": "", "maintain_approve_time": "2016-01-06T08:20:58.573Z", "maintain_raise_time": "2016-01-06T08:27:06.389Z", "maintain_time": "2016-01-06T15:12:54.808Z", "comment": "", "maintain_approve": false}}, {"model": "django_social_app.maintain_history", "pk": 73, "fields": {"machine": 16, "maintain_type": 100, "maintainer": "admin", "approver": "admin", "maintain_approve_time": "2016-01-06T09:30:32.322Z", "maintain_raise_time": "2016-01-06T09:29:00.187Z", "maintain_time": "2016-01-06T13:34:35.831Z", "comment": "after migrations", "maintain_approve": true}}, {"model": "django_social_app.maintain_history", "pk": 74, "fields": {"machine": 13, "maintain_type": 80, "maintainer": "admin", "approver": "admin", "maintain_approve_time": "2016-01-06T09:33:20.372Z", "maintain_raise_time": "2016-01-06T09:33:02.218Z", "maintain_time": "2016-01-05T19:15:55.361Z", "comment": "xyz", "maintain_approve": true}}, {"model": "django_social_app.maintain_history", "pk": 76, "fields": {"machine": 4, "maintain_type": 100, "maintainer": "admin", "approver": "admin", "maintain_approve_time": "2016-01-06T10:02:35.073Z", "maintain_raise_time": "2016-01-06T09:52:20.451Z", "maintain_time": "2016-01-06T12:57:15.141Z", "comment": "", "maintain_approve": true}}, {"model": "django_social_app.maintain_history", "pk": 78, "fields": {"machine": 9, "maintain_type": 100, "maintainer": "admin", "approver": "admin", "maintain_approve_time": "2016-01-06T10:10:17.685Z", "maintain_raise_time": "2016-01-06T10:10:06.578Z", "maintain_time": "2016-01-06T12:56:46.262Z", "comment": "xyz", "maintain_approve": true}}, {"model": "django_social_app.maintain_history", "pk": 80, "fields": {"machine": 10, "maintain_type": 3, "maintainer": "admin", "approver": "admin", "maintain_approve_time": "2016-01-06T11:12:18.662Z", "maintain_raise_time": "2016-01-06T11:12:00.288Z", "maintain_time": "2016-01-05T12:04:09.085Z", "comment": "", "maintain_approve": true}}, {"model": "django_social_app.maintain_history", "pk": 81, "fields": {"machine": 10, "maintain_type": 3, "maintainer": "admin", "approver": "admin", "maintain_approve_time": "2016-01-06T11:13:03.452Z", "maintain_raise_time": "2016-01-06T11:12:50.661Z", "maintain_time": "2016-01-06T14:12:18.665Z", "comment": "it work now", "maintain_approve": true}}, {"model": "django_social_app.maintain_history", "pk": 82, "fields": {"machine": 10, "maintain_type": 3, "maintainer": "admin", "approver": "admin", "maintain_approve_time": "2016-01-06T11:15:31.783Z", "maintain_raise_time": "2016-01-06T11:15:06.880Z", "maintain_time": "2016-01-06T14:13:03.454Z", "comment": "test in safari", "maintain_approve": true}}, {"model": "django_social_app.maintain_history", "pk": 83, "fields": {"machine": 10, "maintain_type": 3, "maintainer": "admin", "approver": "admin", "maintain_approve_time": "2016-01-06T12:07:23.376Z", "maintain_raise_time": "2016-01-06T12:07:08.287Z", "maintain_time": "2016-01-06T14:15:31.786Z", "comment": "try again", "maintain_approve": true}}, {"model": "django_social_app.maintain_schedule", "pk": 1, "fields": {"machine": 1, "maintain_time": "2016-03-22T01:08:21.789Z", "maintain_type": 2000, "maintain_time_remain": 1813}}, {"model": "django_social_app.maintain_schedule", "pk": 2, "fields": {"machine": 1, "maintain_time": "2016-01-07T01:11:48.176Z", "maintain_type": 200, "maintain_time_remain": 13}}, {"model": "django_social_app.maintain_schedule", "pk": 3, "fields": {"machine": 1, "maintain_time": "2016-01-27T08:52:43.749Z", "maintain_type": 600, "maintain_time_remain": 500}}, {"model": "django_social_app.maintain_schedule", "pk": 4, "fields": {"machine": 2, "maintain_time": "2016-06-13T09:46:12.609Z", "maintain_type": 4000, "maintain_time_remain": 3813}}, {"model": "django_social_app.maintain_schedule", "pk": 5, "fields": {"machine": 2, "maintain_time": "2016-01-19T00:55:22.000Z", "maintain_type": 400, "maintain_time_remain": 300}}, {"model": "django_social_app.maintain_schedule", "pk": 6, "fields": {"machine": 2, "maintain_time": "2016-02-04T17:26:06.153Z", "maintain_type": 800, "maintain_time_remain": 701}}, {"model": "django_social_app.maintain_schedule", "pk": 7, "fields": {"machine": 3, "maintain_time": "2016-01-14T21:51:23.480Z", "maintain_type": 301, "maintain_time_remain": 201}}, {"model": "django_social_app.maintain_schedule", "pk": 8, "fields": {"machine": 3, "maintain_time": "2016-02-13T00:53:42.209Z", "maintain_type": 1000, "maintain_time_remain": 900}}, {"model": "django_social_app.maintain_schedule", "pk": 9, "fields": {"machine": 3, "maintain_time": "2016-01-09T09:08:47Z", "maintain_type": 2000, "maintain_time_remain": 69}}, {"model": "django_social_app.maintain_schedule", "pk": 10, "fields": {"machine": 4, "maintain_time": "2016-01-10T14:02:35.076Z", "maintain_type": 100, "maintain_time_remain": 97}}, {"model": "django_social_app.maintain_schedule", "pk": 11, "fields": {"machine": 5, "maintain_time": "2016-07-28T16:51:10.714Z", "maintain_type": 5000, "maintain_time_remain": 4900}}, {"model": "django_social_app.maintain_schedule", "pk": 17, "fields": {"machine": 5, "maintain_time": "2016-02-13T00:52:53.460Z", "maintain_type": 1000, "maintain_time_remain": 900}}, {"model": "django_social_app.maintain_schedule", "pk": 18, "fields": {"machine": 8, "maintain_time": "2016-01-14T21:52:51.484Z", "maintain_type": 301, "maintain_time_remain": 201}}, {"model": "django_social_app.maintain_schedule", "pk": 19, "fields": {"machine": 8, "maintain_time": "2016-01-10T16:52:51.915Z", "maintain_type": 200, "maintain_time_remain": 100}}, {"model": "django_social_app.maintain_schedule", "pk": 23, "fields": {"machine": 9, "maintain_time": "2016-02-03T01:04:57.649Z", "maintain_type": 1000, "maintain_time_remain": 660}}, {"model": "django_social_app.maintain_schedule", "pk": 24, "fields": {"machine": 9, "maintain_time": "2016-01-10T14:10:17.687Z", "maintain_type": 100, "maintain_time_remain": 98}}, {"model": "django_social_app.maintain_schedule", "pk": 25, "fields": {"machine": 9, "maintain_time": "2016-01-03T14:55:14.850Z", "maintain_type": 10, "maintain_time_remain": -70}}, {"model": "django_social_app.maintain_schedule", "pk": 26, "fields": {"machine": 10, "maintain_time": "2016-01-06T15:07:23.378Z", "maintain_type": 3, "maintain_time_remain": 2}}, {"model": "django_social_app.maintain_schedule", "pk": 27, "fields": {"machine": 10, "maintain_time": "2016-01-07T14:31:07.234Z", "maintain_type": 30, "maintain_time_remain": 26}}, {"model": "django_social_app.maintain_schedule", "pk": 28, "fields": {"machine": 10, "maintain_time": "2016-01-06T21:46:29.469Z", "maintain_type": 300, "maintain_time_remain": 9}}, {"model": "django_social_app.maintain_schedule", "pk": 29, "fields": {"machine": 11, "maintain_time": "2016-01-02T18:10:55.298Z", "maintain_type": 1, "maintain_time_remain": -90}}, {"model": "django_social_app.maintain_schedule", "pk": 30, "fields": {"machine": 11, "maintain_time": "2016-01-06T15:12:54.808Z", "maintain_type": 100, "maintain_time_remain": 3}}, {"model": "django_social_app.maintain_schedule", "pk": 31, "fields": {"machine": 11, "maintain_time": "2016-02-05T01:46:53.119Z", "maintain_type": 1000, "maintain_time_remain": 709}}, {"model": "django_social_app.maintain_schedule", "pk": 32, "fields": {"machine": 12, "maintain_time": "2016-01-11T01:05:53.855Z", "maintain_type": 200, "maintain_time_remain": 108}}, {"model": "django_social_app.maintain_schedule", "pk": 33, "fields": {"machine": 12, "maintain_time": "2016-01-15T09:58:49.536Z", "maintain_type": 500, "maintain_time_remain": 213}}, {"model": "django_social_app.maintain_schedule", "pk": 34, "fields": {"machine": 12, "maintain_time": "2016-02-05T05:58:49.537Z", "maintain_type": 1000, "maintain_time_remain": 713}}, {"model": "django_social_app.maintain_schedule", "pk": 35, "fields": {"machine": 13, "maintain_time": "2016-01-09T17:33:20.375Z", "maintain_type": 80, "maintain_time_remain": 77}}, {"model": "django_social_app.maintain_schedule", "pk": 36, "fields": {"machine": 13, "maintain_time": "2016-01-02T01:59:48.339Z", "maintain_type": 180, "maintain_time_remain": -107}}, {"model": "django_social_app.maintain_schedule", "pk": 37, "fields": {"machine": 13, "maintain_time": "2016-01-11T05:59:48.341Z", "maintain_type": 400, "maintain_time_remain": 113}}, {"model": "django_social_app.maintain_schedule", "pk": 38, "fields": {"machine": 14, "maintain_time": "2016-02-05T07:58:36.604Z", "maintain_type": 1000, "maintain_time_remain": 715}}, {"model": "django_social_app.maintain_schedule", "pk": 39, "fields": {"machine": 14, "maintain_time": "2016-01-15T11:58:36.606Z", "maintain_type": 500, "maintain_time_remain": 215}}, {"model": "django_social_app.maintain_schedule", "pk": 40, "fields": {"machine": 14, "maintain_time": "2016-01-05T01:58:36.629Z", "maintain_type": 250, "maintain_time_remain": -35}}, {"model": "django_social_app.maintain_schedule", "pk": 41, "fields": {"machine": 15, "maintain_time": "2016-02-06T01:44:48.119Z", "maintain_type": 1000, "maintain_time_remain": 733}}, {"model": "django_social_app.maintain_schedule", "pk": 42, "fields": {"machine": 15, "maintain_time": "2016-01-16T05:44:48.122Z", "maintain_type": 500, "maintain_time_remain": 233}}, {"model": "django_social_app.maintain_schedule", "pk": 43, "fields": {"machine": 15, "maintain_time": "2016-01-13T17:04:14.437Z", "maintain_type": 200, "maintain_time_remain": 172}}, {"model": "django_social_app.maintain_schedule", "pk": 44, "fields": {"machine": 16, "maintain_time": "2016-01-10T13:30:32.325Z", "maintain_type": 100, "maintain_time_remain": 97}}, {"model": "django_social_app.maintain_schedule", "pk": 45, "fields": {"machine": 16, "maintain_time": "2016-01-18T10:32:30.009Z", "maintain_type": 500, "maintain_time_remain": 286}}, {"model": "django_social_app.maintain_schedule", "pk": 46, "fields": {"machine": 16, "maintain_time": "2016-07-23T22:32:30.011Z", "maintain_type": 5000, "maintain_time_remain": 4786}}, {"model": "django_social_app.maintain_schedule", "pk": 47, "fields": {"machine": 17, "maintain_time": "2017-02-24T21:29:35.554Z", "maintain_type": 10000, "maintain_time_remain": 9969}}, {"model": "django_social_app.maintain_schedule", "pk": 48, "fields": {"machine": 17, "maintain_time": "2016-07-31T13:29:35.556Z", "maintain_type": 5000, "maintain_time_remain": 4969}}, {"model": "django_social_app.maintain_schedule", "pk": 49, "fields": {"machine": 17, "maintain_time": "2016-02-15T21:29:35.557Z", "maintain_type": 1000, "maintain_time_remain": 969}}, {"model": "auth.permission", "pk": 79, "fields": {"name": "Can add log entry", "content_type": 27, "codename": "add_logentry"}}, {"model": "auth.permission", "pk": 80, "fields": {"name": "Can change log entry", "content_type": 27, "codename": "change_logentry"}}, {"model": "auth.permission", "pk": 81, "fields": {"name": "Can delete log entry", "content_type": 27, "codename": "delete_logentry"}}, {"model": "auth.permission", "pk": 82, "fields": {"name": "Can add permission", "content_type": 28, "codename": "add_permission"}}, {"model": "auth.permission", "pk": 83, "fields": {"name": "Can change permission", "content_type": 28, "codename": "change_permission"}}, {"model": "auth.permission", "pk": 84, "fields": {"name": "Can delete permission", "content_type": 28, "codename": "delete_permission"}}, {"model": "auth.permission", "pk": 85, "fields": {"name": "Can add group", "content_type": 29, "codename": "add_group"}}, {"model": "auth.permission", "pk": 86, "fields": {"name": "Can change group", "content_type": 29, "codename": "change_group"}}, {"model": "auth.permission", "pk": 87, "fields": {"name": "Can delete group", "content_type": 29, "codename": "delete_group"}}, {"model": "auth.permission", "pk": 88, "fields": {"name": "Can add user", "content_type": 30, "codename": "add_user"}}, {"model": "auth.permission", "pk": 89, "fields": {"name": "Can change user", "content_type": 30, "codename": "change_user"}}, {"model": "auth.permission", "pk": 90, "fields": {"name": "Can delete user", "content_type": 30, "codename": "delete_user"}}, {"model": "auth.permission", "pk": 91, "fields": {"name": "Can add content type", "content_type": 31, "codename": "add_contenttype"}}, {"model": "auth.permission", "pk": 92, "fields": {"name": "Can change content type", "content_type": 31, "codename": "change_contenttype"}}, {"model": "auth.permission", "pk": 93, "fields": {"name": "Can delete content type", "content_type": 31, "codename": "delete_contenttype"}}, {"model": "auth.permission", "pk": 94, "fields": {"name": "Can add session", "content_type": 32, "codename": "add_session"}}, {"model": "auth.permission", "pk": 95, "fields": {"name": "Can change session", "content_type": 32, "codename": "change_session"}}, {"model": "auth.permission", "pk": 96, "fields": {"name": "Can delete session", "content_type": 32, "codename": "delete_session"}}, {"model": "auth.permission", "pk": 97, "fields": {"name": "Can add machine", "content_type": 33, "codename": "add_machine"}}, {"model": "auth.permission", "pk": 98, "fields": {"name": "Can change machine", "content_type": 33, "codename": "change_machine"}}, {"model": "auth.permission", "pk": 99, "fields": {"name": "Can delete machine", "content_type": 33, "codename": "delete_machine"}}, {"model": "auth.permission", "pk": 100, "fields": {"name": "Can add energy_history", "content_type": 34, "codename": "add_energy_history"}}, {"model": "auth.permission", "pk": 101, "fields": {"name": "Can change energy_history", "content_type": 34, "codename": "change_energy_history"}}, {"model": "auth.permission", "pk": 102, "fields": {"name": "Can delete energy_history", "content_type": 34, "codename": "delete_energy_history"}}, {"model": "auth.permission", "pk": 103, "fields": {"name": "Can add staff", "content_type": 35, "codename": "add_staff"}}, {"model": "auth.permission", "pk": 104, "fields": {"name": "Can change staff", "content_type": 35, "codename": "change_staff"}}, {"model": "auth.permission", "pk": 105, "fields": {"name": "Can delete staff", "content_type": 35, "codename": "delete_staff"}}, {"model": "auth.permission", "pk": 106, "fields": {"name": "Can add maintain_history", "content_type": 36, "codename": "add_maintain_history"}}, {"model": "auth.permission", "pk": 107, "fields": {"name": "Can change maintain_history", "content_type": 36, "codename": "change_maintain_history"}}, {"model": "auth.permission", "pk": 108, "fields": {"name": "Can delete maintain_history", "content_type": 36, "codename": "delete_maintain_history"}}, {"model": "auth.permission", "pk": 109, "fields": {"name": "Can add maintain_schedule", "content_type": 37, "codename": "add_maintain_schedule"}}, {"model": "auth.permission", "pk": 110, "fields": {"name": "Can change maintain_schedule", "content_type": 37, "codename": "change_maintain_schedule"}}, {"model": "auth.permission", "pk": 111, "fields": {"name": "Can delete maintain_schedule", "content_type": 37, "codename": "delete_maintain_schedule"}}, {"model": "auth.permission", "pk": 112, "fields": {"name": "Can add user social auth", "content_type": 38, "codename": "add_usersocialauth"}}, {"model": "auth.permission", "pk": 113, "fields": {"name": "Can change user social auth", "content_type": 38, "codename": "change_usersocialauth"}}, {"model": "auth.permission", "pk": 114, "fields": {"name": "Can delete user social auth", "content_type": 38, "codename": "delete_usersocialauth"}}, {"model": "auth.permission", "pk": 115, "fields": {"name": "Can add nonce", "content_type": 39, "codename": "add_nonce"}}, {"model": "auth.permission", "pk": 116, "fields": {"name": "Can change nonce", "content_type": 39, "codename": "change_nonce"}}, {"model": "auth.permission", "pk": 117, "fields": {"name": "Can delete nonce", "content_type": 39, "codename": "delete_nonce"}}, {"model": "auth.permission", "pk": 118, "fields": {"name": "Can add association", "content_type": 40, "codename": "add_association"}}, {"model": "auth.permission", "pk": 119, "fields": {"name": "Can change association", "content_type": 40, "codename": "change_association"}}, {"model": "auth.permission", "pk": 120, "fields": {"name": "Can delete association", "content_type": 40, "codename": "delete_association"}}, {"model": "auth.permission", "pk": 121, "fields": {"name": "Can add code", "content_type": 41, "codename": "add_code"}}, {"model": "auth.permission", "pk": 122, "fields": {"name": "Can change code", "content_type": 41, "codename": "change_code"}}, {"model": "auth.permission", "pk": 123, "fields": {"name": "Can delete code", "content_type": 41, "codename": "delete_code"}}, {"model": "auth.permission", "pk": 124, "fields": {"name": "Can add counter_history", "content_type": 42, "codename": "add_counter_history"}}, {"model": "auth.permission", "pk": 125, "fields": {"name": "Can change counter_history", "content_type": 42, "codename": "change_counter_history"}}, {"model": "auth.permission", "pk": 126, "fields": {"name": "Can delete counter_history", "content_type": 42, "codename": "delete_counter_history"}}, {"model": "auth.user", "pk": 16, "fields": {"password": "!rPZNaGdjYf1DPBaPzBYT2SCvfMvG3jdfi0SoGoFF", "last_login": "2016-01-06T04:37:48.645Z", "is_superuser": false, "username": "toan.linux", "first_name": "Toan", "last_name": "Vu", "email": "toan.linux@gmail.com", "is_staff": true, "is_active": true, "date_joined": "2015-12-21T08:41:34Z", "groups": [], "user_permissions": []}}, {"model": "auth.user", "pk": 17, "fields": {"password": "pbkdf2_sha256$24000$CHG0bL5L2ppC$yyrC2UqCB3kAZNUA06le2mSDIZh2psZY4my8oXOZAAA=", "last_login": "2016-01-06T12:07:20.269Z", "is_superuser": true, "username": "admin", "first_name": "", "last_name": "", "email": "vtoanb@gmail.com", "is_staff": true, "is_active": true, "date_joined": "2015-12-21T08:44:17.253Z", "groups": [], "user_permissions": []}}, {"model": "auth.user", "pk": 18, "fields": {"password": "pbkdf2_sha256$24000$LmgIiAdVJny4$UCCQ47LFqf0vLd76VdVuktwEOwCQFzgEqt34Dxm2Z0U=", "last_login": "2015-12-24T06:47:13.784Z", "is_superuser": true, "username": "vutoan", "first_name": "Toan", "last_name": "Vu", "email": "temple@gmail.com", "is_staff": true, "is_active": true, "date_joined": "2015-12-24T06:45:53Z", "groups": [], "user_permissions": []}}, {"model": "auth.user", "pk": 19, "fields": {"password": "!3jCiKKpTMTgDGCdXy4APF2L84DKhnl3HBztxnUeV", "last_login": "2016-01-03T08:09:21.706Z", "is_superuser": false, "username": "vtoanb", "first_name": "Vu", "last_name": "Toan", "email": "vtoanb@gmail.com", "is_staff": false, "is_active": true, "date_joined": "2015-12-29T17:40:49.197Z", "groups": [], "user_permissions": []}}, {"model": "auth.user", "pk": 20, "fields": {"password": "!E4kgsT4G5fgn2K0iQrgi2ldgOHjtymPEX3h6GhOT", "last_login": "2016-01-06T08:22:59.678Z", "is_superuser": false, "username": "vtoanb2b3e1bfd40a14aa4", "first_name": "Vu", "last_name": "Toan", "email": "", "is_staff": false, "is_active": true, "date_joined": "2016-01-05T04:34:24.242Z", "groups": [], "user_permissions": []}}, {"model": "auth.user", "pk": 21, "fields": {"password": "pbkdf2_sha256$24000$ykTBbREONumG$IXLlCTMiZddipSuWnwVY/+ML0M/9fE1wKb9GchqxiAk=", "last_login": null, "is_superuser": false, "username": "thankgiving", "first_name": "", "last_name": "", "email": "", "is_staff": false, "is_active": true, "date_joined": "2016-01-05T05:03:30.416Z", "groups": [], "user_permissions": []}}, {"model": "auth.user", "pk": 22, "fields": {"password": "pbkdf2_sha256$24000$wIhMuxgQ6mgc$yvShi11rqB1YDyl7dsSuc5JF2lqJUr1MVJfBmRPsykk=", "last_login": "2016-01-06T10:00:58.296Z", "is_superuser": false, "username": "vuvantoan", "first_name": "", "last_name": "", "email": "", "is_staff": false, "is_active": true, "date_joined": "2016-01-06T10:00:11Z", "groups": [], "user_permissions": []}}, {"model": "default.usersocialauth", "pk": 9, "fields": {"user": 16, "provider": "google-oauth2", "uid": "toan.linux@gmail.com", "extra_data": "{\"access_token\": \"ya29.YQK5F5A_4QbsaXBxUc_JwV7_uiXQA3d23aChQ9Vd5pZXby3eqLvtFv_0MK3kHNmcwUrA4gI\", \"expires\": 3599, \"token_type\": \"Bearer\"}"}}, {"model": "default.usersocialauth", "pk": 10, "fields": {"user": 19, "provider": "google-oauth2", "uid": "vtoanb@gmail.com", "extra_data": "{\"access_token\": \"ya29.XgJOQXB4c8RdmWnNpGxijnzsO6hIMOE_VOgQwZOGQtWVnNqeRYY-He4Y65Fb5NtJeBhX\", \"expires\": 3600, \"token_type\": \"Bearer\"}"}}, {"model": "default.usersocialauth", "pk": 11, "fields": {"user": 20, "provider": "twitter", "uid": "4444800394", "extra_data": "{\"id\": 4444800394, \"access_token\": {\"oauth_token\": \"4444800394-taDotCeZwcdVFbE3ERJV8kEipTVdFIevpQAZXLQ\", \"oauth_token_secret\": \"cPA4ptJRR4zohudoaSaJhDnnMrO47LUrHi22EX2G1WSsE\", \"screen_name\": \"vtoanb\", \"user_id\": \"4444800394\", \"x_auth_expires\": \"0\"}}"}}, {"model": "admin.logentry", "pk": 35, "fields": {"action_time": "2015-12-21T09:00:12.217Z", "user": 17, "content_type": 33, "object_id": "1", "object_repr": "K4", "action_flag": 1, "change_message": "Added. Added maintain_schedule \"maintain_schedule object\". Added maintain_schedule \"maintain_schedule object\". Added maintain_schedule \"maintain_schedule object\"."}}, {"model": "admin.logentry", "pk": 36, "fields": {"action_time": "2015-12-21T09:00:51.683Z", "user": 17, "content_type": 33, "object_id": "2", "object_repr": "K5", "action_flag": 1, "change_message": "Added. Added maintain_schedule \"maintain_schedule object\". Added maintain_schedule \"maintain_schedule object\". Added maintain_schedule \"maintain_schedule object\"."}}, {"model": "admin.logentry", "pk": 37, "fields": {"action_time": "2015-12-21T09:08:10.048Z", "user": 17, "content_type": 33, "object_id": "3", "object_repr": "A3", "action_flag": 1, "change_message": "Added. Added maintain_schedule \"maintain_schedule object\"."}}, {"model": "admin.logentry", "pk": 38, "fields": {"action_time": "2015-12-21T09:08:55.390Z", "user": 17, "content_type": 33, "object_id": "3", "object_repr": "A3", "action_flag": 2, "change_message": "Added maintain_schedule \"maintain_schedule object\". Added maintain_schedule \"maintain_schedule object\"."}}, {"model": "admin.logentry", "pk": 39, "fields": {"action_time": "2015-12-22T06:34:07.106Z", "user": 17, "content_type": 33, "object_id": "4", "object_repr": "T1", "action_flag": 1, "change_message": "Added. Added maintain_schedule \"maintain_schedule object\"."}}, {"model": "admin.logentry", "pk": 40, "fields": {"action_time": "2015-12-22T06:36:18.886Z", "user": 17, "content_type": 33, "object_id": "5", "object_repr": "T2", "action_flag": 1, "change_message": "Added. Added maintain_schedule \"maintain_schedule object\"."}}, {"model": "admin.logentry", "pk": 41, "fields": {"action_time": "2015-12-22T07:31:12.897Z", "user": 17, "content_type": 35, "object_id": "1", "object_repr": "staff object", "action_flag": 1, "change_message": "Added."}}, {"model": "admin.logentry", "pk": 42, "fields": {"action_time": "2015-12-22T07:32:11.795Z", "user": 17, "content_type": 33, "object_id": "6", "object_repr": "Vu", "action_flag": 1, "change_message": "Added."}}, {"model": "admin.logentry", "pk": 43, "fields": {"action_time": "2015-12-22T07:32:27.395Z", "user": 17, "content_type": 33, "object_id": "6", "object_repr": "Vu", "action_flag": 2, "change_message": "Added maintain_schedule \"maintain_schedule object\"."}}, {"model": "admin.logentry", "pk": 44, "fields": {"action_time": "2015-12-22T07:32:47.098Z", "user": 17, "content_type": 33, "object_id": "6", "object_repr": "Vu", "action_flag": 2, "change_message": "Added maintain_schedule \"maintain_schedule object\". Added maintain_schedule \"maintain_schedule object\". Added maintain_schedule \"maintain_schedule object\"."}}, {"model": "admin.logentry", "pk": 45, "fields": {"action_time": "2015-12-22T07:33:20.785Z", "user": 17, "content_type": 33, "object_id": "6", "object_repr": "Vu", "action_flag": 3, "change_message": ""}}, {"model": "admin.logentry", "pk": 46, "fields": {"action_time": "2015-12-22T07:34:41.734Z", "user": 17, "content_type": 35, "object_id": "2", "object_repr": "staff object", "action_flag": 1, "change_message": "Added."}}, {"model": "admin.logentry", "pk": 47, "fields": {"action_time": "2015-12-22T07:35:29.899Z", "user": 17, "content_type": 33, "object_id": "7", "object_repr": "Vu", "action_flag": 1, "change_message": "Added. Added maintain_schedule \"maintain_schedule object\"."}}, {"model": "admin.logentry", "pk": 48, "fields": {"action_time": "2015-12-22T07:35:48.668Z", "user": 17, "content_type": 33, "object_id": "7", "object_repr": "Vu", "action_flag": 2, "change_message": "Changed maintain_type for maintain_schedule \"maintain_schedule object\"."}}, {"model": "admin.logentry", "pk": 49, "fields": {"action_time": "2015-12-22T07:37:25.123Z", "user": 17, "content_type": 35, "object_id": "3", "object_repr": "staff object", "action_flag": 1, "change_message": "Added."}}, {"model": "admin.logentry", "pk": 50, "fields": {"action_time": "2015-12-22T07:37:59.713Z", "user": 17, "content_type": 33, "object_id": "7", "object_repr": "Vu", "action_flag": 2, "change_message": "Changed maintain_type for maintain_schedule \"maintain_schedule object\"."}}, {"model": "admin.logentry", "pk": 51, "fields": {"action_time": "2015-12-22T07:40:45.315Z", "user": 17, "content_type": 35, "object_id": "2", "object_repr": "staff object", "action_flag": 2, "change_message": "Changed manager."}}, {"model": "admin.logentry", "pk": 52, "fields": {"action_time": "2015-12-22T07:47:26.018Z", "user": 17, "content_type": 35, "object_id": "3", "object_repr": "staff object", "action_flag": 2, "change_message": "Changed email."}}, {"model": "admin.logentry", "pk": 53, "fields": {"action_time": "2015-12-22T07:48:17.882Z", "user": 17, "content_type": 33, "object_id": "7", "object_repr": "Vu", "action_flag": 2, "change_message": "Changed maintain_type for maintain_schedule \"maintain_schedule object\"."}}, {"model": "admin.logentry", "pk": 54, "fields": {"action_time": "2015-12-22T07:48:57.513Z", "user": 17, "content_type": 33, "object_id": "7", "object_repr": "Vu", "action_flag": 2, "change_message": "Changed maintain_type for maintain_schedule \"maintain_schedule object\"."}}, {"model": "admin.logentry", "pk": 55, "fields": {"action_time": "2015-12-22T07:50:28.603Z", "user": 17, "content_type": 33, "object_id": "7", "object_repr": "Vu", "action_flag": 2, "change_message": "Changed maintain_type for maintain_schedule \"maintain_schedule object\"."}}, {"model": "admin.logentry", "pk": 56, "fields": {"action_time": "2015-12-22T07:50:50.669Z", "user": 17, "content_type": 35, "object_id": "3", "object_repr": "staff object", "action_flag": 2, "change_message": "Changed email."}}, {"model": "admin.logentry", "pk": 57, "fields": {"action_time": "2015-12-22T07:56:12.191Z", "user": 17, "content_type": 35, "object_id": "3", "object_repr": "staff object", "action_flag": 2, "change_message": "Changed first_name."}}, {"model": "admin.logentry", "pk": 58, "fields": {"action_time": "2015-12-22T07:56:50.738Z", "user": 17, "content_type": 35, "object_id": "3", "object_repr": "staff object", "action_flag": 2, "change_message": "Changed first_name."}}, {"model": "admin.logentry", "pk": 59, "fields": {"action_time": "2015-12-22T08:01:07.205Z", "user": 17, "content_type": 33, "object_id": "7", "object_repr": "Vu", "action_flag": 2, "change_message": "Changed maintain_type for maintain_schedule \"maintain_schedule object\"."}}, {"model": "admin.logentry", "pk": 60, "fields": {"action_time": "2015-12-22T08:03:46.345Z", "user": 17, "content_type": 33, "object_id": "7", "object_repr": "Vu", "action_flag": 2, "change_message": "Changed maintain_type for maintain_schedule \"maintain_schedule object\"."}}, {"model": "admin.logentry", "pk": 61, "fields": {"action_time": "2015-12-22T08:09:55.748Z", "user": 17, "content_type": 33, "object_id": "7", "object_repr": "Vu", "action_flag": 2, "change_message": "Changed maintain_type for maintain_schedule \"maintain_schedule object\"."}}, {"model": "admin.logentry", "pk": 62, "fields": {"action_time": "2015-12-22T08:11:37.111Z", "user": 17, "content_type": 33, "object_id": "7", "object_repr": "Vu", "action_flag": 2, "change_message": "No fields changed."}}, {"model": "admin.logentry", "pk": 63, "fields": {"action_time": "2015-12-22T08:21:42.278Z", "user": 17, "content_type": 33, "object_id": "5", "object_repr": "T2", "action_flag": 2, "change_message": "Changed maintain_type for maintain_schedule \"maintain_schedule object\"."}}, {"model": "admin.logentry", "pk": 64, "fields": {"action_time": "2015-12-22T08:23:05.748Z", "user": 17, "content_type": 33, "object_id": "4", "object_repr": "T1", "action_flag": 2, "change_message": "Changed maintain_type for maintain_schedule \"maintain_schedule object\"."}}, {"model": "admin.logentry", "pk": 65, "fields": {"action_time": "2015-12-22T08:23:13.284Z", "user": 17, "content_type": 33, "object_id": "4", "object_repr": "T1", "action_flag": 2, "change_message": "Changed maintain_type for maintain_schedule \"maintain_schedule object\"."}}, {"model": "admin.logentry", "pk": 66, "fields": {"action_time": "2015-12-22T08:28:15.840Z", "user": 17, "content_type": 33, "object_id": "7", "object_repr": "Vu", "action_flag": 2, "change_message": "Changed maintain_type for maintain_schedule \"maintain_schedule object\"."}}, {"model": "admin.logentry", "pk": 67, "fields": {"action_time": "2015-12-22T08:29:40.434Z", "user": 17, "content_type": 33, "object_id": "7", "object_repr": "Vu", "action_flag": 2, "change_message": "Changed maintain_type for maintain_schedule \"maintain_schedule object\"."}}, {"model": "admin.logentry", "pk": 68, "fields": {"action_time": "2015-12-22T08:30:54.115Z", "user": 17, "content_type": 33, "object_id": "5", "object_repr": "T2", "action_flag": 2, "change_message": "Changed maintain_type for maintain_schedule \"maintain_schedule object\"."}}, {"model": "admin.logentry", "pk": 69, "fields": {"action_time": "2015-12-22T08:31:26.110Z", "user": 17, "content_type": 33, "object_id": "7", "object_repr": "Vu", "action_flag": 2, "change_message": "Changed maintain_type for maintain_schedule \"maintain_schedule object\"."}}, {"model": "admin.logentry", "pk": 70, "fields": {"action_time": "2015-12-22T08:31:52.857Z", "user": 17, "content_type": 33, "object_id": "7", "object_repr": "Vu", "action_flag": 2, "change_message": "Changed maintain_type for maintain_schedule \"maintain_schedule object\"."}}, {"model": "admin.logentry", "pk": 71, "fields": {"action_time": "2015-12-22T09:11:55.384Z", "user": 17, "content_type": 33, "object_id": "7", "object_repr": "Vu", "action_flag": 2, "change_message": "Changed maintain_type for maintain_schedule \"maintain_schedule object\"."}}, {"model": "admin.logentry", "pk": 72, "fields": {"action_time": "2015-12-22T09:22:49.631Z", "user": 17, "content_type": 33, "object_id": "7", "object_repr": "Vu", "action_flag": 2, "change_message": "Changed maintain_type for maintain_schedule \"maintain_schedule object\"."}}, {"model": "admin.logentry", "pk": 73, "fields": {"action_time": "2015-12-22T09:23:43.645Z", "user": 17, "content_type": 33, "object_id": "7", "object_repr": "Vu", "action_flag": 2, "change_message": "Changed maintain_type for maintain_schedule \"maintain_schedule object\"."}}, {"model": "admin.logentry", "pk": 74, "fields": {"action_time": "2015-12-22T09:25:05.731Z", "user": 17, "content_type": 33, "object_id": "7", "object_repr": "Vu", "action_flag": 2, "change_message": "Changed maintain_type for maintain_schedule \"maintain_schedule object\"."}}, {"model": "admin.logentry", "pk": 75, "fields": {"action_time": "2015-12-22T09:26:24.944Z", "user": 17, "content_type": 33, "object_id": "7", "object_repr": "Vu", "action_flag": 2, "change_message": "Changed maintain_type for maintain_schedule \"maintain_schedule object\"."}}, {"model": "admin.logentry", "pk": 76, "fields": {"action_time": "2015-12-22T09:27:01.562Z", "user": 17, "content_type": 33, "object_id": "5", "object_repr": "T2", "action_flag": 2, "change_message": "Added maintain_schedule \"maintain_schedule object\". Changed maintain_type for maintain_schedule \"maintain_schedule object\"."}}, {"model": "admin.logentry", "pk": 77, "fields": {"action_time": "2015-12-23T02:19:50.561Z", "user": 17, "content_type": 33, "object_id": "8", "object_repr": "K1", "action_flag": 1, "change_message": "Added. Added maintain_schedule \"maintain_schedule object\"."}}, {"model": "admin.logentry", "pk": 78, "fields": {"action_time": "2015-12-23T04:03:27.078Z", "user": 17, "content_type": 33, "object_id": "7", "object_repr": "Vu", "action_flag": 2, "change_message": "Changed maintain_time for maintain_schedule \"maintain_schedule object\"."}}, {"model": "admin.logentry", "pk": 79, "fields": {"action_time": "2015-12-23T04:34:50.608Z", "user": 17, "content_type": 33, "object_id": "7", "object_repr": "Vu", "action_flag": 2, "change_message": "Changed maintain_time for maintain_schedule \"maintain_schedule object\"."}}, {"model": "admin.logentry", "pk": 80, "fields": {"action_time": "2015-12-23T04:36:39.169Z", "user": 17, "content_type": 33, "object_id": "8", "object_repr": "K1", "action_flag": 2, "change_message": "Added maintain_schedule \"maintain_schedule object\"."}}, {"model": "admin.logentry", "pk": 81, "fields": {"action_time": "2015-12-23T08:30:43.212Z", "user": 17, "content_type": 33, "object_id": "8", "object_repr": "K1", "action_flag": 2, "change_message": "Changed maintain_type for maintain_schedule \"maintain_schedule object\"."}}, {"model": "admin.logentry", "pk": 82, "fields": {"action_time": "2015-12-23T08:36:59.798Z", "user": 17, "content_type": 33, "object_id": "8", "object_repr": "K1", "action_flag": 2, "change_message": "Changed maintain_type for maintain_schedule \"maintain_schedule object\"."}}, {"model": "admin.logentry", "pk": 83, "fields": {"action_time": "2015-12-23T08:48:46.897Z", "user": 17, "content_type": 33, "object_id": "8", "object_repr": "K1", "action_flag": 2, "change_message": "Changed maintain_type for maintain_schedule \"maintain_schedule object\"."}}, {"model": "admin.logentry", "pk": 84, "fields": {"action_time": "2015-12-23T08:49:10.305Z", "user": 17, "content_type": 33, "object_id": "3", "object_repr": "A3", "action_flag": 2, "change_message": "Changed maintain_type for maintain_schedule \"maintain_schedule object\"."}}, {"model": "admin.logentry", "pk": 85, "fields": {"action_time": "2015-12-23T09:03:37.633Z", "user": 17, "content_type": 33, "object_id": "7", "object_repr": "Vu", "action_flag": 2, "change_message": "Added maintain_schedule \"maintain_schedule object\". Added maintain_schedule \"maintain_schedule object\". Added maintain_schedule \"maintain_schedule object\"."}}, {"model": "admin.logentry", "pk": 86, "fields": {"action_time": "2015-12-23T09:04:25.208Z", "user": 17, "content_type": 33, "object_id": "7", "object_repr": "Vu", "action_flag": 3, "change_message": ""}}, {"model": "admin.logentry", "pk": 87, "fields": {"action_time": "2015-12-23T09:04:57.657Z", "user": 17, "content_type": 33, "object_id": "9", "object_repr": "Vu", "action_flag": 1, "change_message": "Added. Added maintain_schedule \"maintain_schedule object\". Added maintain_schedule \"maintain_schedule object\". Added maintain_schedule \"maintain_schedule object\"."}}, {"model": "admin.logentry", "pk": 88, "fields": {"action_time": "2015-12-24T06:45:54.051Z", "user": 17, "content_type": 30, "object_id": "18", "object_repr": "vutoan", "action_flag": 1, "change_message": "Added."}}, {"model": "admin.logentry", "pk": 89, "fields": {"action_time": "2015-12-24T06:46:17.951Z", "user": 17, "content_type": 30, "object_id": "18", "object_repr": "vutoan", "action_flag": 2, "change_message": "Changed first_name, last_name, email and is_staff."}}, {"model": "admin.logentry", "pk": 90, "fields": {"action_time": "2015-12-24T06:46:43.721Z", "user": 17, "content_type": 30, "object_id": "18", "object_repr": "vutoan", "action_flag": 2, "change_message": "Changed is_superuser and last_login."}}, {"model": "admin.logentry", "pk": 91, "fields": {"action_time": "2015-12-25T03:13:28.162Z", "user": 18, "content_type": 34, "object_id": "1", "object_repr": "energy_history object", "action_flag": 1, "change_message": "Added."}}, {"model": "admin.logentry", "pk": 92, "fields": {"action_time": "2015-12-25T04:14:40.823Z", "user": 18, "content_type": 34, "object_id": "2", "object_repr": "energy_history object", "action_flag": 1, "change_message": "Added."}}, {"model": "admin.logentry", "pk": 93, "fields": {"action_time": "2015-12-25T04:14:52.349Z", "user": 18, "content_type": 34, "object_id": "3", "object_repr": "energy_history object", "action_flag": 1, "change_message": "Added."}}, {"model": "admin.logentry", "pk": 94, "fields": {"action_time": "2015-12-25T04:15:06.823Z", "user": 18, "content_type": 34, "object_id": "2", "object_repr": "energy_history object", "action_flag": 2, "change_message": "Changed save_time."}}, {"model": "admin.logentry", "pk": 95, "fields": {"action_time": "2015-12-25T04:15:11.161Z", "user": 18, "content_type": 34, "object_id": "3", "object_repr": "energy_history object", "action_flag": 2, "change_message": "No fields changed."}}, {"model": "admin.logentry", "pk": 96, "fields": {"action_time": "2015-12-25T04:15:16.988Z", "user": 18, "content_type": 34, "object_id": "1", "object_repr": "energy_history object", "action_flag": 2, "change_message": "Changed save_time."}}, {"model": "admin.logentry", "pk": 97, "fields": {"action_time": "2015-12-25T04:15:38.534Z", "user": 18, "content_type": 34, "object_id": "1", "object_repr": "energy_history object", "action_flag": 2, "change_message": "Changed save_time."}}, {"model": "admin.logentry", "pk": 98, "fields": {"action_time": "2015-12-25T04:39:31.922Z", "user": 18, "content_type": 34, "object_id": "4", "object_repr": "energy_history object", "action_flag": 1, "change_message": "Added."}}, {"model": "admin.logentry", "pk": 99, "fields": {"action_time": "2015-12-25T04:39:52.101Z", "user": 18, "content_type": 34, "object_id": "5", "object_repr": "energy_history object", "action_flag": 1, "change_message": "Added."}}, {"model": "admin.logentry", "pk": 100, "fields": {"action_time": "2015-12-25T04:40:06.381Z", "user": 18, "content_type": 34, "object_id": "6", "object_repr": "energy_history object", "action_flag": 1, "change_message": "Added."}}, {"model": "admin.logentry", "pk": 101, "fields": {"action_time": "2015-12-25T04:40:22.831Z", "user": 18, "content_type": 34, "object_id": "7", "object_repr": "energy_history object", "action_flag": 1, "change_message": "Added."}}, {"model": "admin.logentry", "pk": 102, "fields": {"action_time": "2015-12-25T04:40:39.703Z", "user": 18, "content_type": 34, "object_id": "8", "object_repr": "energy_history object", "action_flag": 1, "change_message": "Added."}}, {"model": "admin.logentry", "pk": 103, "fields": {"action_time": "2015-12-25T05:09:17.349Z", "user": 18, "content_type": 34, "object_id": "8", "object_repr": "energy_history object", "action_flag": 3, "change_message": ""}}, {"model": "admin.logentry", "pk": 104, "fields": {"action_time": "2015-12-25T05:09:17.351Z", "user": 18, "content_type": 34, "object_id": "7", "object_repr": "energy_history object", "action_flag": 3, "change_message": ""}}, {"model": "admin.logentry", "pk": 105, "fields": {"action_time": "2015-12-25T05:09:17.353Z", "user": 18, "content_type": 34, "object_id": "6", "object_repr": "energy_history object", "action_flag": 3, "change_message": ""}}, {"model": "admin.logentry", "pk": 106, "fields": {"action_time": "2015-12-25T05:09:17.354Z", "user": 18, "content_type": 34, "object_id": "5", "object_repr": "energy_history object", "action_flag": 3, "change_message": ""}}, {"model": "admin.logentry", "pk": 107, "fields": {"action_time": "2015-12-25T05:09:17.356Z", "user": 18, "content_type": 34, "object_id": "4", "object_repr": "energy_history object", "action_flag": 3, "change_message": ""}}, {"model": "admin.logentry", "pk": 108, "fields": {"action_time": "2015-12-25T05:09:17.357Z", "user": 18, "content_type": 34, "object_id": "3", "object_repr": "energy_history object", "action_flag": 3, "change_message": ""}}, {"model": "admin.logentry", "pk": 109, "fields": {"action_time": "2015-12-25T05:09:17.359Z", "user": 18, "content_type": 34, "object_id": "2", "object_repr": "energy_history object", "action_flag": 3, "change_message": ""}}, {"model": "admin.logentry", "pk": 110, "fields": {"action_time": "2015-12-25T05:09:17.360Z", "user": 18, "content_type": 34, "object_id": "1", "object_repr": "energy_history object", "action_flag": 3, "change_message": ""}}, {"model": "admin.logentry", "pk": 111, "fields": {"action_time": "2015-12-25T05:09:37.716Z", "user": 18, "content_type": 34, "object_id": "9", "object_repr": "energy_history object", "action_flag": 1, "change_message": "Added."}}, {"model": "admin.logentry", "pk": 112, "fields": {"action_time": "2015-12-25T05:09:49.265Z", "user": 18, "content_type": 34, "object_id": "10", "object_repr": "energy_history object", "action_flag": 1, "change_message": "Added."}}, {"model": "admin.logentry", "pk": 113, "fields": {"action_time": "2015-12-25T05:10:04.068Z", "user": 18, "content_type": 34, "object_id": "11", "object_repr": "energy_history object", "action_flag": 1, "change_message": "Added."}}, {"model": "admin.logentry", "pk": 114, "fields": {"action_time": "2015-12-25T05:10:18.696Z", "user": 18, "content_type": 34, "object_id": "12", "object_repr": "energy_history object", "action_flag": 1, "change_message": "Added."}}, {"model": "admin.logentry", "pk": 115, "fields": {"action_time": "2015-12-25T05:10:30.922Z", "user": 18, "content_type": 34, "object_id": "13", "object_repr": "energy_history object", "action_flag": 1, "change_message": "Added."}}, {"model": "admin.logentry", "pk": 116, "fields": {"action_time": "2015-12-25T05:10:43.166Z", "user": 18, "content_type": 34, "object_id": "14", "object_repr": "energy_history object", "action_flag": 1, "change_message": "Added."}}, {"model": "admin.logentry", "pk": 117, "fields": {"action_time": "2015-12-25T05:11:10.027Z", "user": 18, "content_type": 34, "object_id": "15", "object_repr": "energy_history object", "action_flag": 1, "change_message": "Added."}}, {"model": "admin.logentry", "pk": 118, "fields": {"action_time": "2015-12-25T06:50:42.035Z", "user": 18, "content_type": 34, "object_id": "16", "object_repr": "energy_history object", "action_flag": 1, "change_message": "Added."}}, {"model": "admin.logentry", "pk": 119, "fields": {"action_time": "2015-12-25T06:51:03.772Z", "user": 18, "content_type": 34, "object_id": "17", "object_repr": "energy_history object", "action_flag": 1, "change_message": "Added."}}, {"model": "admin.logentry", "pk": 120, "fields": {"action_time": "2015-12-25T06:51:26.686Z", "user": 18, "content_type": 34, "object_id": "18", "object_repr": "energy_history object", "action_flag": 1, "change_message": "Added."}}, {"model": "admin.logentry", "pk": 121, "fields": {"action_time": "2015-12-25T07:01:50.381Z", "user": 18, "content_type": 34, "object_id": "19", "object_repr": "energy_history object", "action_flag": 1, "change_message": "Added."}}, {"model": "admin.logentry", "pk": 122, "fields": {"action_time": "2015-12-25T07:02:04.034Z", "user": 18, "content_type": 34, "object_id": "20", "object_repr": "energy_history object", "action_flag": 1, "change_message": "Added."}}, {"model": "admin.logentry", "pk": 123, "fields": {"action_time": "2015-12-25T07:02:16.452Z", "user": 18, "content_type": 34, "object_id": "21", "object_repr": "energy_history object", "action_flag": 1, "change_message": "Added."}}, {"model": "admin.logentry", "pk": 124, "fields": {"action_time": "2015-12-25T07:24:48.294Z", "user": 18, "content_type": 34, "object_id": "22", "object_repr": "energy_history object", "action_flag": 1, "change_message": "Added."}}, {"model": "admin.logentry", "pk": 125, "fields": {"action_time": "2015-12-25T07:25:13.473Z", "user": 18, "content_type": 34, "object_id": "23", "object_repr": "energy_history object", "action_flag": 1, "change_message": "Added."}}, {"model": "admin.logentry", "pk": 126, "fields": {"action_time": "2015-12-25T07:25:38.427Z", "user": 18, "content_type": 34, "object_id": "24", "object_repr": "energy_history object", "action_flag": 1, "change_message": "Added."}}, {"model": "admin.logentry", "pk": 127, "fields": {"action_time": "2015-12-25T09:04:06.325Z", "user": 17, "content_type": 34, "object_id": "25", "object_repr": "energy_history object", "action_flag": 1, "change_message": "Added."}}, {"model": "admin.logentry", "pk": 128, "fields": {"action_time": "2015-12-25T09:04:20.061Z", "user": 17, "content_type": 34, "object_id": "26", "object_repr": "energy_history object", "action_flag": 1, "change_message": "Added."}}, {"model": "admin.logentry", "pk": 129, "fields": {"action_time": "2015-12-25T09:46:29.471Z", "user": 17, "content_type": 33, "object_id": "10", "object_repr": "X1", "action_flag": 1, "change_message": "Added. Added maintain_schedule \"maintain_schedule object\". Added maintain_schedule \"maintain_schedule object\". Added maintain_schedule \"maintain_schedule object\"."}}, {"model": "admin.logentry", "pk": 130, "fields": {"action_time": "2015-12-25T09:46:53.121Z", "user": 17, "content_type": 33, "object_id": "11", "object_repr": "X2", "action_flag": 1, "change_message": "Added. Added maintain_schedule \"maintain_schedule object\". Added maintain_schedule \"maintain_schedule object\". Added maintain_schedule \"maintain_schedule object\"."}}, {"model": "admin.logentry", "pk": 131, "fields": {"action_time": "2015-12-25T13:58:49.539Z", "user": 17, "content_type": 33, "object_id": "12", "object_repr": "VC", "action_flag": 1, "change_message": "Added. Added maintain_schedule \"maintain_schedule object\". Added maintain_schedule \"maintain_schedule object\". Added maintain_schedule \"maintain_schedule object\"."}}, {"model": "admin.logentry", "pk": 132, "fields": {"action_time": "2015-12-25T13:59:48.342Z", "user": 17, "content_type": 33, "object_id": "13", "object_repr": "BB", "action_flag": 1, "change_message": "Added. Added maintain_schedule \"maintain_schedule object\". Added maintain_schedule \"maintain_schedule object\". Added maintain_schedule \"maintain_schedule object\"."}}, {"model": "admin.logentry", "pk": 133, "fields": {"action_time": "2015-12-25T15:54:14.987Z", "user": 17, "content_type": 34, "object_id": "27", "object_repr": "energy_history object", "action_flag": 1, "change_message": "Added."}}, {"model": "admin.logentry", "pk": 134, "fields": {"action_time": "2015-12-25T15:55:09.535Z", "user": 17, "content_type": 34, "object_id": "28", "object_repr": "energy_history object", "action_flag": 1, "change_message": "Added."}}, {"model": "admin.logentry", "pk": 135, "fields": {"action_time": "2015-12-25T15:58:36.631Z", "user": 17, "content_type": 33, "object_id": "14", "object_repr": "KK4", "action_flag": 1, "change_message": "Added. Added maintain_schedule \"maintain_schedule object\". Added maintain_schedule \"maintain_schedule object\". Added maintain_schedule \"maintain_schedule object\"."}}, {"model": "admin.logentry", "pk": 136, "fields": {"action_time": "2015-12-26T02:16:03.413Z", "user": 17, "content_type": 42, "object_id": "1", "object_repr": "counter_history object", "action_flag": 1, "change_message": "Added."}}, {"model": "admin.logentry", "pk": 137, "fields": {"action_time": "2015-12-26T02:17:56.941Z", "user": 17, "content_type": 42, "object_id": "1", "object_repr": "2015-12-01 02:15:57+00:00", "action_flag": 3, "change_message": ""}}, {"model": "admin.logentry", "pk": 138, "fields": {"action_time": "2015-12-26T02:18:41.173Z", "user": 17, "content_type": 42, "object_id": "2", "object_repr": "2015-12-01 09:18:23+07:00", "action_flag": 1, "change_message": "Added."}}, {"model": "admin.logentry", "pk": 139, "fields": {"action_time": "2015-12-26T02:18:56.104Z", "user": 17, "content_type": 42, "object_id": "3", "object_repr": "2015-12-02 09:18:50+07:00", "action_flag": 1, "change_message": "Added."}}, {"model": "admin.logentry", "pk": 140, "fields": {"action_time": "2015-12-26T02:19:15.481Z", "user": 17, "content_type": 42, "object_id": "4", "object_repr": "2015-12-03 09:19:04+07:00", "action_flag": 1, "change_message": "Added."}}, {"model": "admin.logentry", "pk": 141, "fields": {"action_time": "2015-12-26T02:19:32.435Z", "user": 17, "content_type": 42, "object_id": "5", "object_repr": "2015-12-04 09:19:26+07:00", "action_flag": 1, "change_message": "Added."}}, {"model": "admin.logentry", "pk": 142, "fields": {"action_time": "2015-12-26T02:19:51.680Z", "user": 17, "content_type": 42, "object_id": "6", "object_repr": "2015-12-05 09:19:45+07:00", "action_flag": 1, "change_message": "Added."}}, {"model": "admin.logentry", "pk": 143, "fields": {"action_time": "2015-12-26T02:20:04.206Z", "user": 17, "content_type": 42, "object_id": "7", "object_repr": "2015-12-06 09:19:59+07:00", "action_flag": 1, "change_message": "Added."}}, {"model": "admin.logentry", "pk": 144, "fields": {"action_time": "2015-12-26T02:20:27.671Z", "user": 17, "content_type": 42, "object_id": "8", "object_repr": "2015-12-07 09:20:16+07:00", "action_flag": 1, "change_message": "Added."}}, {"model": "admin.logentry", "pk": 145, "fields": {"action_time": "2015-12-26T02:20:49.491Z", "user": 17, "content_type": 42, "object_id": "9", "object_repr": "2015-12-08 09:20:37+07:00", "action_flag": 1, "change_message": "Added."}}, {"model": "admin.logentry", "pk": 146, "fields": {"action_time": "2015-12-26T02:21:05.866Z", "user": 17, "content_type": 42, "object_id": "10", "object_repr": "2015-12-09 09:21:00+07:00", "action_flag": 1, "change_message": "Added."}}, {"model": "admin.logentry", "pk": 147, "fields": {"action_time": "2015-12-26T02:21:33.997Z", "user": 17, "content_type": 42, "object_id": "11", "object_repr": "2015-12-10 09:21:26+07:00", "action_flag": 1, "change_message": "Added."}}, {"model": "admin.logentry", "pk": 148, "fields": {"action_time": "2015-12-26T02:21:54.364Z", "user": 17, "content_type": 42, "object_id": "12", "object_repr": "2015-12-11 09:21:46+07:00", "action_flag": 1, "change_message": "Added."}}, {"model": "admin.logentry", "pk": 149, "fields": {"action_time": "2015-12-26T02:22:14.049Z", "user": 17, "content_type": 42, "object_id": "13", "object_repr": "2015-12-12 09:22:07+07:00", "action_flag": 1, "change_message": "Added."}}, {"model": "admin.logentry", "pk": 150, "fields": {"action_time": "2015-12-26T02:22:32.686Z", "user": 17, "content_type": 42, "object_id": "14", "object_repr": "2015-12-13 09:22:22+07:00", "action_flag": 1, "change_message": "Added."}}, {"model": "admin.logentry", "pk": 151, "fields": {"action_time": "2015-12-26T02:23:10.814Z", "user": 17, "content_type": 42, "object_id": "15", "object_repr": "2015-12-14 09:23:03+07:00", "action_flag": 1, "change_message": "Added."}}, {"model": "admin.logentry", "pk": 152, "fields": {"action_time": "2015-12-26T02:23:29.002Z", "user": 17, "content_type": 42, "object_id": "16", "object_repr": "2015-12-15 09:23:22+07:00", "action_flag": 1, "change_message": "Added."}}, {"model": "admin.logentry", "pk": 153, "fields": {"action_time": "2015-12-26T03:17:20.706Z", "user": 17, "content_type": 42, "object_id": "17", "object_repr": "2015-12-16 10:17:14+07:00", "action_flag": 1, "change_message": "Added."}}, {"model": "admin.logentry", "pk": 154, "fields": {"action_time": "2015-12-26T03:17:36.127Z", "user": 17, "content_type": 42, "object_id": "18", "object_repr": "2015-12-17 10:17:29+07:00", "action_flag": 1, "change_message": "Added."}}, {"model": "admin.logentry", "pk": 155, "fields": {"action_time": "2015-12-26T03:17:51.265Z", "user": 17, "content_type": 42, "object_id": "19", "object_repr": "2015-12-18 10:17:44+07:00", "action_flag": 1, "change_message": "Added."}}, {"model": "admin.logentry", "pk": 156, "fields": {"action_time": "2015-12-26T03:18:48.579Z", "user": 17, "content_type": 42, "object_id": "20", "object_repr": "2015-12-19 10:18:43+07:00", "action_flag": 1, "change_message": "Added."}}, {"model": "admin.logentry", "pk": 157, "fields": {"action_time": "2015-12-26T03:19:03.725Z", "user": 17, "content_type": 42, "object_id": "21", "object_repr": "2015-12-20 10:18:57+07:00", "action_flag": 1, "change_message": "Added."}}, {"model": "admin.logentry", "pk": 158, "fields": {"action_time": "2015-12-26T03:19:41.444Z", "user": 17, "content_type": 42, "object_id": "22", "object_repr": "2015-12-26 10:19:11+07:00", "action_flag": 1, "change_message": "Added."}}, {"model": "admin.logentry", "pk": 159, "fields": {"action_time": "2015-12-26T03:19:49.966Z", "user": 17, "content_type": 42, "object_id": "22", "object_repr": "2015-12-20 10:19:11+07:00", "action_flag": 2, "change_message": "Changed save_time."}}, {"model": "admin.logentry", "pk": 160, "fields": {"action_time": "2015-12-26T03:19:57.524Z", "user": 17, "content_type": 42, "object_id": "22", "object_repr": "2015-12-21 10:19:11+07:00", "action_flag": 2, "change_message": "Changed save_time."}}, {"model": "admin.logentry", "pk": 161, "fields": {"action_time": "2015-12-26T03:20:10.465Z", "user": 17, "content_type": 42, "object_id": "23", "object_repr": "2015-12-22 10:20:06+07:00", "action_flag": 1, "change_message": "Added."}}, {"model": "admin.logentry", "pk": 162, "fields": {"action_time": "2015-12-26T03:20:31.131Z", "user": 17, "content_type": 42, "object_id": "24", "object_repr": "2015-12-23 10:20:19+07:00", "action_flag": 1, "change_message": "Added."}}, {"model": "admin.logentry", "pk": 163, "fields": {"action_time": "2015-12-26T09:44:48.125Z", "user": 17, "content_type": 33, "object_id": "15", "object_repr": "DD", "action_flag": 1, "change_message": "Added. Added maintain_schedule \"maintain_schedule object\". Added maintain_schedule \"maintain_schedule object\". Added maintain_schedule \"maintain_schedule object\"."}}, {"model": "admin.logentry", "pk": 164, "fields": {"action_time": "2015-12-28T03:27:37.296Z", "user": 17, "content_type": 42, "object_id": "25", "object_repr": "2015-12-24 10:27:27+07:00", "action_flag": 1, "change_message": "Added."}}, {"model": "admin.logentry", "pk": 165, "fields": {"action_time": "2015-12-28T03:28:02.314Z", "user": 17, "content_type": 42, "object_id": "26", "object_repr": "2015-12-25 10:27:56+07:00", "action_flag": 1, "change_message": "Added."}}, {"model": "admin.logentry", "pk": 166, "fields": {"action_time": "2015-12-28T03:28:18.632Z", "user": 17, "content_type": 42, "object_id": "27", "object_repr": "2015-12-26 10:28:10+07:00", "action_flag": 1, "change_message": "Added."}}, {"model": "admin.logentry", "pk": 167, "fields": {"action_time": "2015-12-28T03:28:35.738Z", "user": 17, "content_type": 42, "object_id": "28", "object_repr": "2015-12-27 10:28:30+07:00", "action_flag": 1, "change_message": "Added."}}, {"model": "admin.logentry", "pk": 168, "fields": {"action_time": "2015-12-28T03:28:56.049Z", "user": 17, "content_type": 42, "object_id": "29", "object_repr": "2015-12-28 10:28:40+07:00", "action_flag": 1, "change_message": "Added."}}, {"model": "admin.logentry", "pk": 169, "fields": {"action_time": "2015-12-28T03:29:30.534Z", "user": 17, "content_type": 42, "object_id": "30", "object_repr": "2015-12-29 10:29:28+07:00", "action_flag": 1, "change_message": "Added."}}, {"model": "admin.logentry", "pk": 170, "fields": {"action_time": "2015-12-28T03:29:45.561Z", "user": 17, "content_type": 42, "object_id": "31", "object_repr": "2015-12-30 10:29:40+07:00", "action_flag": 1, "change_message": "Added."}}, {"model": "admin.logentry", "pk": 171, "fields": {"action_time": "2015-12-28T03:30:02.056Z", "user": 17, "content_type": 42, "object_id": "32", "object_repr": "2015-12-31 10:29:52+07:00", "action_flag": 1, "change_message": "Added."}}, {"model": "admin.logentry", "pk": 172, "fields": {"action_time": "2015-12-28T03:30:32.828Z", "user": 17, "content_type": 42, "object_id": "33", "object_repr": "2016-01-01 10:30:23+07:00", "action_flag": 1, "change_message": "Added."}}, {"model": "admin.logentry", "pk": 173, "fields": {"action_time": "2015-12-28T03:30:55.071Z", "user": 17, "content_type": 42, "object_id": "34", "object_repr": "2016-01-03 10:30:49+07:00", "action_flag": 1, "change_message": "Added."}}, {"model": "admin.logentry", "pk": 174, "fields": {"action_time": "2015-12-28T14:32:30.012Z", "user": 17, "content_type": 33, "object_id": "16", "object_repr": "VI", "action_flag": 1, "change_message": "Added. Added maintain_schedule \"maintain_schedule object\". Added maintain_schedule \"maintain_schedule object\". Added maintain_schedule \"maintain_schedule object\"."}}, {"model": "admin.logentry", "pk": 175, "fields": {"action_time": "2016-01-02T08:50:03.472Z", "user": 17, "content_type": 30, "object_id": "16", "object_repr": "toan.linux", "action_flag": 2, "change_message": "Changed is_staff."}}, {"model": "admin.logentry", "pk": 176, "fields": {"action_time": "2016-01-05T05:03:30.493Z", "user": 17, "content_type": 30, "object_id": "21", "object_repr": "thankgiving", "action_flag": 1, "change_message": "Added."}}, {"model": "admin.logentry", "pk": 177, "fields": {"action_time": "2016-01-05T05:27:09.114Z", "user": 17, "content_type": 42, "object_id": "35", "object_repr": "2016-01-04 12:26:58+07:00", "action_flag": 1, "change_message": "Added."}}, {"model": "admin.logentry", "pk": 178, "fields": {"action_time": "2016-01-05T05:29:35.559Z", "user": 17, "content_type": 33, "object_id": "17", "object_repr": "TO", "action_flag": 1, "change_message": "Added. Added maintain_schedule \"maintain_schedule object\". Added maintain_schedule \"maintain_schedule object\". Added maintain_schedule \"maintain_schedule object\"."}}, {"model": "admin.logentry", "pk": 179, "fields": {"action_time": "2016-01-06T09:24:42.375Z", "user": 17, "content_type": 35, "object_id": "3", "object_repr": "staff object", "action_flag": 3, "change_message": ""}}, {"model": "admin.logentry", "pk": 180, "fields": {"action_time": "2016-01-06T09:24:42.377Z", "user": 17, "content_type": 35, "object_id": "2", "object_repr": "staff object", "action_flag": 3, "change_message": ""}}, {"model": "admin.logentry", "pk": 181, "fields": {"action_time": "2016-01-06T09:24:42.378Z", "user": 17, "content_type": 35, "object_id": "1", "object_repr": "staff object", "action_flag": 3, "change_message": ""}}, {"model": "admin.logentry", "pk": 182, "fields": {"action_time": "2016-01-06T09:30:07.417Z", "user": 17, "content_type": 35, "object_id": "1", "object_repr": "staff object", "action_flag": 1, "change_message": "Added."}}, {"model": "admin.logentry", "pk": 183, "fields": {"action_time": "2016-01-06T10:00:11.928Z", "user": 17, "content_type": 30, "object_id": "22", "object_repr": "vuvantoan", "action_flag": 1, "change_message": "Added."}}, {"model": "admin.logentry", "pk": 184, "fields": {"action_time": "2016-01-06T10:00:29.828Z", "user": 17, "content_type": 30, "object_id": "22", "object_repr": "vuvantoan", "action_flag": 2, "change_message": "No fields changed."}}]